Workbook

Sheet Découpe
A1: Journée | B1: Produit | C1: Quantité | D1: Rejet-Démarage | E1: Rejet qualité | F1: Panne | G1: Arrêts mineurs | H1: Nettoyage | I1: Réglage dérive machine | J1: Inspection machine | K1: changement d'outil | L1: Déplacement/Manutention | M1: Remplacement préventif | N1: Lubrification | O1: pause | P1: TO | Q1: TR | R1: tfb | S1: tn | T1: tu | U1: TD | V1: TQ | W1: TP | X1: TRS
A2: 1 | B2: P1 | C2: 1841 | D2: 18 | E2: 14 | F2: 112 | G2: 29 | H2: 15 | I2: 15 | J2: 12 | K2: 30 | L2: 32 | N2: 16 | O2: =37500/250 -> 150 | P2: =4000*60/250 -> 960 | Q2: =P2-H2-J2-M2-N2-O2 -> 767 | R2: =Q2-F2-G2-I2-K2-L2 -> 549 | S2: =C2*0.26 -> 478.66 | T2: =(C2-D2-E2)*0.26 -> 470.34 | U2: =R2/Q2 -> 0.71577575 | V2: =(C2-D2-E2)/C2 -> 0.98261814 | W2: =S2/R2 -> 0.87187614 | X2: =U2*V2*W2 -> 0.61322034
A3: 2 | B3: P3 | C3: 1755 | D3: 18 | E3: 28 | F3: 145 | G3: 29 | H3: 16 | I3: 18 | J3: 10 | K3: 30 | L3: 32 | N3: 17 | O3: =37500/250 -> 150 | P3: =4000*60/250 -> 960 | Q3: =P3-H3-J3-M3-N3-O3 -> 767 | R3: =Q3-F3-G3-I3-K3-L3 -> 513 | S3: =C3*0.26 -> 456.3 | T3: =(C3-D3-E3)*0.26 -> 444.34 | U3: =R3/Q3 -> 0.66883963 | V3: =(C3-D3-E3)/C3 -> 0.97378917 | W3: =S3/R3 -> 0.88947368 | X3: =U3*V3*W3 -> 0.57932203
A4: 3 | B4: P2 | C4: 1739 | D4: 28 | E4: 29 | F4: 110 | G4: 24 | H4: 18 | I4: 11 | J4: 8 | K4: 32 | L4: 33 | N4: 17 | O4: =37500/250 -> 150 | P4: =4000*60/250 -> 960 | Q4: =P4-H4-J4-M4-N4-O4 -> 767 | R4: =Q4-F4-G4-I4-K4-L4 -> 557 | S4: =C4*0.26 -> 452.14 | T4: =(C4-D4-E4)*0.26 -> 437.32 | U4: =R4/Q4 -> 0.726206 | V4: =(C4-D4-E4)/C4 -> 0.96722254 | W4: =S4/R4 -> 0.81174147 | X4: =U4*V4*W4 -> 0.57016949
A5: 4 | B5: P4 | C5: 1802 | D5: 14 | E5: 21 | F5: 107 | G5: 30 | H5: 16 | I5: 21 | J5: 8 | K5: 28 | L5: 35 | N5: 17 | O5: =37500/250 -> 150 | P5: =4000*60/250 -> 960 | Q5: =P5-H5-J5-M5-N5-O5 -> 769 | R5: =Q5-F5-G5-I5-K5-L5 -> 548 | S5: =C5*0.26 -> 468.52 | T5: =(C5-D5-E5)*0.26 -> 459.42 | U5: =R5/Q5 -> 0.71261378 | V5: =(C5-D5-E5)/C5 -> 0.98057714 | W5: =S5/R5 -> 0.8549635 | X5: =U5*V5*W5 -> 0.59742523
A6: 5 | B6: P1 | C6: 1716 | D6: 23 | E6: 23 | F6: 134 | G6: 41 | H6: 17 | I6: 13 | J6: 11 | K6: 31 | L6: 37 | N6: 14 | O6: =37500/250 -> 150 | P6: =4000*60/250 -> 960 | Q6: =P6-H6-J6-M6-N6-O6 -> 768 | R6: =Q6-F6-G6-I6-K6-L6 -> 512 | S6: =C6*0.26 -> 446.16 | T6: =(C6-D6-E6)*0.26 -> 434.2 | U6: =R6/Q6 -> 0.66666667 | V6: =(C6-D6-E6)/C6 -> 0.97319347 | W6: =S6/R6 -> 0.87140625 | X6: =U6*V6*W6 -> 0.56536458
A7: 6 | B7: P2 | C7: 1872 | D7: 16 | E7: 40 | F7: 133 | G7: 26 | H7: 18 | I7: 11 | J7: 10 | K7: 31 | L7: 34 | N7: 14 | O7: =37500/250 -> 150 | P7: =4000*60/250 -> 960 | Q7: =P7-H7-J7-M7-N7-O7 -> 768 | R7: =Q7-F7-G7-I7-K7-L7 -> 533 | S7: =C7*0.26 -> 486.72 | T7: =(C7-D7-E7)*0.26 -> 472.16 | U7: =R7/Q7 -> 0.69401042 | V7: =(C7-D7-E7)/C7 -> 0.97008547 | W7: =S7/R7 -> 0.91317073 | X7: =U7*V7*W7 -> 0.61479167
A8: 7 | B8: P2 | C8: 1847 | D8: 14 | E8: 14 | F8: 124 | G8: 17 | H8: 16 | I8: 16 | J8: 8 | L8: 28 | N8: 15 | O8: =37500/250 -> 150 | P8: =4000*60/250 -> 960 | Q8: =P8-H8-J8-M8-N8-O8 -> 771 | R8: =Q8-F8-G8-I8-K8-L8 -> 586 | S8: =C8*0.26 -> 480.22 | T8: =(C8-D8-E8)*0.26 -> 472.94 | U8: =R8/Q8 -> 0.76005188 | V8: =(C8-D8-E8)/C8 -> 0.98484028 | W8: =S8/R8 -> 0.81948805 | X8: =U8*V8*W8 -> 0.61341115
A9: 8 | B9: P4 | C9: 1877 | D9: 10 | E9: 39 | F9: 119 | G9: 25 | H9: 17 | I9: 17 | J9: 9 | K9: 20 | L9: 31 | N9: 17 | O9: =37500/250 -> 150 | P9: =4000*60/250 -> 960 | Q9: =P9-H9-J9-M9-N9-O9 -> 767 | R9: =Q9-F9-G9-I9-K9-L9 -> 555 | S9: =C9*0.26 -> 488.02 | T9: =(C9-D9-E9)*0.26 -> 475.28 | U9: =R9/Q9 -> 0.72359844 | V9: =(C9-D9-E9)/C9 -> 0.97389451 | W9: =S9/R9 -> 0.87931532 | X9: =U9*V9*W9 -> 0.61966102
A10: 9 | B10: P1 | C10: 1788 | D10: 18 | E10: 50 | F10: 140 | G10: 29 | H10: 16 | I10: 14 | J10: 12 | K10: 28 | L10: 29 | N10: 19 | O10: =37500/250 -> 150 | P10: =4000*60/250 -> 960 | Q10: =P10-H10-J10-M10-N10-O10 -> 763 | R10: =Q10-F10-G10-I10-K10-L10 -> 523 | S10: =C10*0.26 -> 464.88 | T10: =(C10-D10-E10)*0.26 -> 447.2 | U10: =R10/Q10 -> 0.68545216 | V10: =(C10-D10-E10)/C10 -> 0.96196868 | W10: =S10/R10 -> 0.88887189 | X10: =U10*V10*W10 -> 0.58610747
A11: 10 | B11: P3 | C11: 1781 | D11: 18 | E11: 43 | F11: 87 | G11: 21 | H11: 20 | I11: 12 | J11: 9 | K11: 15 | L11: 29 | M11: 20 | N11: 15 | O11: =37500/250 -> 150 | P11: =4000*60/250 -> 960 | Q11: =P11-H11-J11-M11-N11-O11 -> 746 | R11: =Q11-F11-G11-I11-K11-L11 -> 582 | S11: =C11*0.26 -> 463.06 | T11: =(C11-D11-E11)*0.26 -> 447.2 | U11: =R11/Q11 -> 0.78016086 | V11: =(C11-D11-E11)/C11 -> 0.96574958 | W11: =S11/R11 -> 0.79563574 | X11: =U11*V11*W11 -> 0.59946381
A12: 11 | B12: P2 | C12: 1872 | D12: 27 | E12: 37 | F12: 118 | G12: 37 | H12: 16 | I12: 14 | J12: 8 | K12: 19 | L12: 25 | N12: 13 | O12: =37500/250 -> 150 | P12: =4000*60/250 -> 960 | Q12: =P12-H12-J12-M12-N12-O12 -> 773 | R12: =Q12-F12-G12-I12-K12-L12 -> 560 | S12: =C12*0.26 -> 486.72 | T12: =(C12-D12-E12)*0.26 -> 470.08 | U12: =R12/Q12 -> 0.72445019 | V12: =(C12-D12-E12)/C12 -> 0.96581197 | W12: =S12/R12 -> 0.86914286 | X12: =U12*V12*W12 -> 0.60812419
A13: 12 | B13: P4 | C13: 1915 | D13: 13 | E13: 50 | F13: 126 | G13: 30 | H13: 16 | I13: 18 | J13: 8 | K13: 23 | L13: 35 | N13: 16 | O13: =37500/250 -> 150 | P13: =4000*60/250 -> 960 | Q13: =P13-H13-J13-M13-N13-O13 -> 770 | R13: =Q13-F13-G13-I13-K13-L13 -> 538 | S13: =C13*0.26 -> 497.9 | T13: =(C13-D13-E13)*0.26 -> 481.52 | U13: =R13/Q13 -> 0.6987013 | V13: =(C13-D13-E13)/C13 -> 0.96710183 | W13: =S13/R13 -> 0.92546468 | X13: =U13*V13*W13 -> 0.62535065
A14: 13 | B14: P2 | C14: 1726 | D14: 12 | E14: 6 | F14: 143 | G14: 37 | H14: 20 | I14: 17 | J14: 6 | K14: 23 | L14: 32 | N14: 15 | O14: =37500/250 -> 150 | P14: =4000*60/250 -> 960 | Q14: =P14-H14-J14-M14-N14-O14 -> 769 | R14: =Q14-F14-G14-I14-K14-L14 -> 517 | S14: =C14*0.26 -> 448.76 | T14: =(C14-D14-E14)*0.26 -> 444.08 | U14: =R14/Q14 -> 0.67230169 | V14: =(C14-D14-E14)/C14 -> 0.98957126 | W14: =S14/R14 -> 0.86800774 | X14: =U14*V14*W14 -> 0.57747724
A15: 14 | B15: P4 | C15: 1861 | D15: 27 | E15: 49 | F15: 118 | G15: 31 | H15: 15 | I15: 17 | J15: 12 | K15: 28 | L15: 27 | N15: 16 | O15: =37500/250 -> 150 | P15: =4000*60/250 -> 960 | Q15: =P15-H15-J15-M15-N15-O15 -> 767 | R15: =Q15-F15-G15-I15-K15-L15 -> 546 | S15: =C15*0.26 -> 483.86 | T15: =(C15-D15-E15)*0.26 -> 464.1 | U15: =R15/Q15 -> 0.71186441 | V15: =(C15-D15-E15)/C15 -> 0.95916174 | W15: =S15/R15 -> 0.88619048 | X15: =U15*V15*W15 -> 0.60508475
A16: 15 | B16: P1 | C16: 1867 | D16: 25 | E16: 47 | F16: 119 | G16: 31 | H16: 20 | I16: 21 | J16: 6 | K16: 30 | L16: 34 | N16: 15 | O16: =37500/250 -> 150 | P16: =4000*60/250 -> 960 | Q16: =P16-H16-J16-M16-N16-O16 -> 769 | R16: =Q16-F16-G16-I16-K16-L16 -> 534 | S16: =C16*0.26 -> 485.42 | T16: =(C16-D16-E16)*0.26 -> 466.7 | U16: =R16/Q16 -> 0.69440832 | V16: =(C16-D16-E16)/C16 -> 0.96143546 | W16: =S16/R16 -> 0.90902622 | X16: =U16*V16*W16 -> 0.60689207
A17: 16 | B17: P3 | C17: 1677 | D17: 26 | E17: 20 | F17: 99 | G17: 31 | H17: 17 | I17: 21 | J17: 13 | K17: 19 | L17: 34 | N17: 15 | O17: =37500/250 -> 150 | P17: =4000*60/250 -> 960 | Q17: =P17-H17-J17-M17-N17-O17 -> 765 | R17: =Q17-F17-G17-I17-K17-L17 -> 561 | S17: =C17*0.26 -> 436.02 | T17: =(C17-D17-E17)*0.26 -> 424.06 | U17: =R17/Q17 -> 0.73333333 | V17: =(C17-D17-E17)/C17 -> 0.97257007 | W17: =S17/R17 -> 0.77721925 | X17: =U17*V17*W17 -> 0.5543268
A18: 17 | B18: P2 | C18: 1725 | D18: 30 | E18: 18 | F18: 119 | G18: 32 | H18: 17 | I18: 18 | J18: 8 | K18: 33 | L18: 33 | N18: 16 | O18: =37500/250 -> 150 | P18: =4000*60/250 -> 960 | Q18: =P18-H18-J18-M18-N18-O18 -> 769 | R18: =Q18-F18-G18-I18-K18-L18 -> 534 | S18: =C18*0.26 -> 448.5 | T18: =(C18-D18-E18)*0.26 -> 436.02 | U18: =R18/Q18 -> 0.69440832 | V18: =(C18-D18-E18)/C18 -> 0.97217391 | W18: =S18/R18 -> 0.83988764 | X18: =U18*V18*W18 -> 0.5669961
A19: 18 | B19: P4 | C19: 1888 | D19: 20 | E19: 50 | F19: 108 | G19: 29 | H19: 16 | I19: 27 | J19: 11 | K19: 30 | L19: 32 | N19: 19 | O19: =37500/250 -> 150 | P19: =4000*60/250 -> 960 | Q19: =P19-H19-J19-M19-N19-O19 -> 764 | R19: =Q19-F19-G19-I19-K19-L19 -> 538 | S19: =C19*0.26 -> 490.88 | T19: =(C19-D19-E19)*0.26 -> 472.68 | U19: =R19/Q19 -> 0.70418848 | V19: =(C19-D19-E19)/C19 -> 0.96292373 | W19: =S19/R19 -> 0.91241636 | X19: =U19*V19*W19 -> 0.6186911
A20: 19 | B20: P3 | C20: 1831 | D20: 11 | E20: 13 | F20: 147 | G20: 40 | H20: 18 | I20: 21 | J20: 11 | K20: 17 | L20: 33 | N20: 17 | O20: =37500/250 -> 150 | P20: =4000*60/250 -> 960 | Q20: =P20-H20-J20-M20-N20-O20 -> 764 | R20: =Q20-F20-G20-I20-K20-L20 -> 506 | S20: =C20*0.26 -> 476.06 | T20: =(C20-D20-E20)*0.26 -> 469.82 | U20: =R20/Q20 -> 0.66230366 | V20: =(C20-D20-E20)/C20 -> 0.98689241 | W20: =S20/R20 -> 0.94083004 | X20: =U20*V20*W20 -> 0.61494764
A21: 20 | B21: P2 | C21: 1827 | D21: 11 | E21: 48 | F21: 133 | G21: 20 | H21: 16 | I21: 22 | J21: 7 | K21: 28 | L21: 26 | M21: 25 | N21: 19 | O21: =37500/250 -> 150 | P21: =4000*60/250 -> 960 | Q21: =P21-H21-J21-M21-N21-O21 -> 743 | R21: =Q21-F21-G21-I21-K21-L21 -> 514 | S21: =C21*0.26 -> 475.02 | T21: =(C21-D21-E21)*0.26 -> 459.68 | U21: =R21/Q21 -> 0.69179004 | V21: =(C21-D21-E21)/C21 -> 0.96770662 | W21: =S21/R21 -> 0.92416342 | X21: =U21*V21*W21 -> 0.61868102
A22: 21 | B22: P1 | C22: 1878 | D22: 19 | E22: 17 | F22: 112 | G22: 27 | H22: 19 | I22: 22 | J22: 11 | K22: 25 | L22: 27 | N22: 15 | O22: =37500/250 -> 150 | P22: =4000*60/250 -> 960 | Q22: =P22-H22-J22-M22-N22-O22 -> 765 | R22: =Q22-F22-G22-I22-K22-L22 -> 552 | S22: =C22*0.26 -> 488.28 | T22: =(C22-D22-E22)*0.26 -> 478.92 | U22: =R22/Q22 -> 0.72156863 | V22: =(C22-D22-E22)/C22 -> 0.98083067 | W22: =S22/R22 -> 0.88456522 | X22: =U22*V22*W22 -> 0.62603922
A23: 22 | B23: P3 | C23: 1883 | D23: 10 | E23: 22 | F23: 113 | G23: 37 | H23: 20 | I23: 18 | J23: 10 | K23: 22 | L23: 32 | N23: 14 | O23: =37500/250 -> 150 | P23: =4000*60/250 -> 960 | Q23: =P23-H23-J23-M23-N23-O23 -> 766 | R23: =Q23-F23-G23-I23-K23-L23 -> 544 | S23: =C23*0.26 -> 489.58 | T23: =(C23-D23-E23)*0.26 -> 481.26 | U23: =R23/Q23 -> 0.71018277 | V23: =(C23-D23-E23)/C23 -> 0.98300584 | W23: =S23/R23 -> 0.89996324 | X23: =U23*V23*W23 -> 0.62827676
A24: 23 | B24: P2 | C24: 1792 | D24: 11 | E24: 30 | F24: 136 | G24: 37 | H24: 17 | I24: 18 | J24: 10 | K24: 31 | L24: 33 | N24: 20 | O24: =37500/250 -> 150 | P24: =4000*60/250 -> 960 | Q24: =P24-H24-J24-M24-N24-O24 -> 763 | R24: =Q24-F24-G24-I24-K24-L24 -> 508 | S24: =C24*0.26 -> 465.92 | T24: =(C24-D24-E24)*0.26 -> 455.26 | U24: =R24/Q24 -> 0.66579292 | V24: =(C24-D24-E24)/C24 -> 0.97712054 | W24: =S24/R24 -> 0.91716535 | X24: =U24*V24*W24 -> 0.59667104
A25: 24 | B25: P4 | C25: 1763 | D25: 19 | E25: 35 | F25: 134 | G25: 27 | H25: 17 | I25: 26 | J25: 9 | K25: 25 | L25: 36 | N25: 18 | O25: =37500/250 -> 150 | P25: =4000*60/250 -> 960 | Q25: =P25-H25-J25-M25-N25-O25 -> 766 | R25: =Q25-F25-G25-I25-K25-L25 -> 518 | S25: =C25*0.26 -> 458.38 | T25: =(C25-D25-E25)*0.26 -> 444.34 | U25: =R25/Q25 -> 0.67624021 | V25: =(C25-D25-E25)/C25 -> 0.96937039 | W25: =S25/R25 -> 0.88490347 | X25: =U25*V25*W25 -> 0.58007833
A26: 25 | B26: P3 | C26: 1863 | D26: 14 | E26: 50 | F26: 129 | G26: 36 | H26: 15 | I26: 30 | J26: 11 | K26: 17 | L26: 35 | N26: 18 | O26: =37500/250 -> 150 | P26: =4000*60/250 -> 960 | Q26: =P26-H26-J26-M26-N26-O26 -> 766 | R26: =Q26-F26-G26-I26-K26-L26 -> 519 | S26: =C26*0.26 -> 484.38 | T26: =(C26-D26-E26)*0.26 -> 467.74 | U26: =R26/Q26 -> 0.67754569 | V26: =(C26-D26-E26)/C26 -> 0.96564681 | W26: =S26/R26 -> 0.9332948 | X26: =U26*V26*W26 -> 0.61062663
A27: 26 | B27: P2 | C27: 1791 | D27: 30 | E27: 20 | F27: 113 | G27: 32 | H27: 15 | I27: 30 | J27: 10 | K27: 18 | L27: 33 | N27: 16 | O27: =37500/250 -> 150 | P27: =4000*60/250 -> 960 | Q27: =P27-H27-J27-M27-N27-O27 -> 769 | R27: =Q27-F27-G27-I27-K27-L27 -> 543 | S27: =C27*0.26 -> 465.66 | T27: =(C27-D27-E27)*0.26 -> 452.66 | U27: =R27/Q27 -> 0.70611183 | V27: =(C27-D27-E27)/C27 -> 0.97208264 | W27: =S27/R27 -> 0.85756906 | X27: =U27*V27*W27 -> 0.58863459
A28: 27 | B28: P4 | C28: 1672 | D28: 20 | E28: 24 | F28: 156 | G28: 42 | H28: 19 | I28: 20 | J28: 8 | K28: 30 | L28: 34 | N28: 14 | O28: =37500/250 -> 150 | P28: =4000*60/250 -> 960 | Q28: =P28-H28-J28-M28-N28-O28 -> 769 | R28: =Q28-F28-G28-I28-K28-L28 -> 487 | S28: =C28*0.26 -> 434.72 | T28: =(C28-D28-E28)*0.26 -> 423.28 | U28: =R28/Q28 -> 0.63328999 | V28: =(C28-D28-E28)/C28 -> 0.97368421 | W28: =S28/R28 -> 0.89264887 | X28: =U28*V28*W28 -> 0.55042913
A29: 28 | B29: P4 | C29: 1716 | D29: 21 | E29: 29 | F29: 115 | G29: 27 | H29: 18 | I29: 20 | J29: 12 | L29: 38 | N29: 15 | O29: =37500/250 -> 150 | P29: =4000*60/250 -> 960 | Q29: =P29-H29-J29-M29-N29-O29 -> 765 | R29: =Q29-F29-G29-I29-K29-L29 -> 565 | S29: =C29*0.26 -> 446.16 | T29: =(C29-D29-E29)*0.26 -> 433.16 | U29: =R29/Q29 -> 0.73856209 | V29: =(C29-D29-E29)/C29 -> 0.97086247 | W29: =S29/R29 -> 0.78966372 | X29: =U29*V29*W29 -> 0.56622222
A30: 29 | B30: P3 | C30: 1832 | D30: 10 | E30: 35 | F30: 121 | G30: 34 | H30: 20 | I30: 28 | J30: 8 | K30: 24 | L30: 30 | N30: 17 | O30: =37500/250 -> 150 | P30: =4000*60/250 -> 960 | Q30: =P30-H30-J30-M30-N30-O30 -> 765 | R30: =Q30-F30-G30-I30-K30-L30 -> 528 | S30: =C30*0.26 -> 476.32 | T30: =(C30-D30-E30)*0.26 -> 464.62 | U30: =R30/Q30 -> 0.69019608 | V30: =(C30-D30-E30)/C30 -> 0.97543668 | W30: =S30/R30 -> 0.90212121 | X30: =U30*V30*W30 -> 0.60734641
A31: 30 | B31: P2 | C31: 1837 | D31: 21 | E31: 29 | F31: 117 | G31: 32 | H31: 17 | I31: 29 | J31: 11 | K31: 35 | L31: 28 | M31: 30 | N31: 18 | O31: =37500/250 -> 150 | P31: =4000*60/250 -> 960 | Q31: =P31-H31-J31-M31-N31-O31 -> 734 | R31: =Q31-F31-G31-I31-K31-L31 -> 493 | S31: =C31*0.26 -> 477.62 | T31: =(C31-D31-E31)*0.26 -> 464.62 | U31: =R31/Q31 -> 0.67166213 | V31: =(C31-D31-E31)/C31 -> 0.97278171 | W31: =S31/R31 -> 0.96880325 | X31: =U31*V31*W31 -> 0.63299728
A32: 31 | B32: P1 | C32: 1812 | D32: 24 | E32: 45 | F32: 115 | G32: 29 | H32: 15 | I32: 23 | J32: 12 | K32: 36 | L32: 27 | N32: 17 | O32: =37500/250 -> 150 | P32: =4000*60/250 -> 960 | Q32: =P32-H32-J32-M32-N32-O32 -> 766 | R32: =Q32-F32-G32-I32-K32-L32 -> 536 | S32: =C32*0.26 -> 471.12 | T32: =(C32-D32-E32)*0.26 -> 453.18 | U32: =R32/Q32 -> 0.6997389 | V32: =(C32-D32-E32)/C32 -> 0.96192053 | W32: =S32/R32 -> 0.87895522 | X32: =U32*V32*W32 -> 0.5916188
A33: 32 | B33: P3 | C33: 1701 | D33: 15 | E33: 15 | F33: 134 | G33: 38 | H33: 20 | I33: 22 | J33: 8 | K33: 18 | L33: 36 | N33: 13 | O33: =37500/250 -> 150 | P33: =4000*60/250 -> 960 | Q33: =P33-H33-J33-M33-N33-O33 -> 769 | R33: =Q33-F33-G33-I33-K33-L33 -> 521 | S33: =C33*0.26 -> 442.26 | T33: =(C33-D33-E33)*0.26 -> 434.46 | U33: =R33/Q33 -> 0.67750325 | V33: =(C33-D33-E33)/C33 -> 0.98236332 | W33: =S33/R33 -> 0.84886756 | X33: =U33*V33*W33 -> 0.56496749
A34: 33 | B34: P2 | C34: 1731 | D34: 27 | E34: 30 | F34: 126 | G34: 34 | H34: 20 | I34: 32 | J34: 9 | K34: 31 | L34: 27 | N34: 16 | O34: =37500/250 -> 150 | P34: =4000*60/250 -> 960 | Q34: =P34-H34-J34-M34-N34-O34 -> 765 | R34: =Q34-F34-G34-I34-K34-L34 -> 515 | S34: =C34*0.26 -> 450.06 | T34: =(C34-D34-E34)*0.26 -> 435.24 | U34: =R34/Q34 -> 0.67320261 | V34: =(C34-D34-E34)/C34 -> 0.96707106 | W34: =S34/R34 -> 0.87390291 | X34: =U34*V34*W34 -> 0.56894118
A35: 34 | B35: P2 | C35: 1654 | D35: 25 | E35: 45 | F35: 125 | G35: 27 | H35: 17 | I35: 32 | J35: 10 | L35: 33 | N35: 15 | O35: =37500/250 -> 150 | P35: =4000*60/250 -> 960 | Q35: =P35-H35-J35-M35-N35-O35 -> 768 | R35: =Q35-F35-G35-I35-K35-L35 -> 551 | S35: =C35*0.26 -> 430.04 | T35: =(C35-D35-E35)*0.26 -> 411.84 | U35: =R35/Q35 -> 0.71744792 | V35: =(C35-D35-E35)/C35 -> 0.95767836 | W35: =S35/R35 -> 0.78047187 | X35: =U35*V35*W35 -> 0.53625
A36: 35 | B36: P4 | C36: 1675 | D36: 24 | E36: 11 | F36: 136 | G36: 31 | H36: 15 | I36: 30 | J36: 10 | K36: 32 | L36: 36 | N36: 20 | O36: =37500/250 -> 150 | P36: =4000*60/250 -> 960 | Q36: =P36-H36-J36-M36-N36-O36 -> 765 | R36: =Q36-F36-G36-I36-K36-L36 -> 500 | S36: =C36*0.26 -> 435.5 | T36: =(C36-D36-E36)*0.26 -> 426.4 | U36: =R36/Q36 -> 0.65359477 | V36: =(C36-D36-E36)/C36 -> 0.97910448 | W36: =S36/R36 -> 0.871 | X36: =U36*V36*W36 -> 0.55738562
A37: 36 | B37: P3 | C37: 1706 | D37: 25 | E37: 21 | F37: 128 | G37: 39 | H37: 17 | I37: 35 | J37: 13 | K37: 18 | L37: 34 | N37: 18 | O37: =37500/250 -> 150 | P37: =4000*60/250 -> 960 | Q37: =P37-H37-J37-M37-N37-O37 -> 762 | R37: =Q37-F37-G37-I37-K37-L37 -> 508 | S37: =C37*0.26 -> 443.56 | T37: =(C37-D37-E37)*0.26 -> 431.6 | U37: =R37/Q37 -> 0.66666667 | V37: =(C37-D37-E37)/C37 -> 0.97303634 | W37: =S37/R37 -> 0.87314961 | X37: =U37*V37*W37 -> 0.5664042
A38: 37 | B38: P2 | C38: 1661 | D38: 13 | E38: 20 | F38: 126 | G38: 43 | H38: 20 | I38: 29 | J38: 10 | K38: 31 | L38: 27 | N38: 17 | O38: =37500/250 -> 150 | P38: =4000*60/250 -> 960 | Q38: =P38-H38-J38-M38-N38-O38 -> 763 | R38: =Q38-F38-G38-I38-K38-L38 -> 507 | S38: =C38*0.26 -> 431.86 | T38: =(C38-D38-E38)*0.26 -> 423.28 | U38: =R38/Q38 -> 0.66448231 | V38: =(C38-D38-E38)/C38 -> 0.98013245 | W38: =S38/R38 -> 0.85179487 | X38: =U38*V38*W38 -> 0.55475754
A39: 38 | B39: P1 | C39: 1747 | D39: 13 | E39: 26 | F39: 139 | G39: 31 | H39: 18 | I39: 31 | J39: 10 | K39: 22 | L39: 28 | N39: 17 | O39: =37500/250 -> 150 | P39: =4000*60/250 -> 960 | Q39: =P39-H39-J39-M39-N39-O39 -> 765 | R39: =Q39-F39-G39-I39-K39-L39 -> 514 | S39: =C39*0.26 -> 454.22 | T39: =(C39-D39-E39)*0.26 -> 444.08 | U39: =R39/Q39 -> 0.67189542 | V39: =(C39-D39-E39)/C39 -> 0.97767602 | W39: =S39/R39 -> 0.8836965 | X39: =U39*V39*W39 -> 0.58049673
A40: 39 | B40: P3 | C40: 1802 | D40: 29 | E40: 27 | F40: 140 | G40: 27 | H40: 20 | I40: 19 | J40: 6 | K40: 36 | L40: 32 | N40: 20 | O40: =37500/250 -> 150 | P40: =4000*60/250 -> 960 | Q40: =P40-H40-J40-M40-N40-O40 -> 764 | R40: =Q40-F40-G40-I40-K40-L40 -> 510 | S40: =C40*0.26 -> 468.52 | T40: =(C40-D40-E40)*0.26 -> 453.96 | U40: =R40/Q40 -> 0.66753927 | V40: =(C40-D40-E40)/C40 -> 0.96892342 | W40: =S40/R40 -> 0.91866667 | X40: =U40*V40*W40 -> 0.59418848
A41: 40 | B41: P2 | C41: 1777 | D41: 10 | E41: 48 | F41: 118 | G41: 40 | H41: 20 | I41: 35 | J41: 9 | K41: 17 | L41: 37 | M41: 40 | N41: 15 | O41: =37500/250 -> 150 | P41: =4000*60/250 -> 960 | Q41: =P41-H41-J41-M41-N41-O41 -> 726 | R41: =Q41-F41-G41-I41-K41-L41 -> 479 | S41: =C41*0.26 -> 462.02 | T41: =(C41-D41-E41)*0.26 -> 446.94 | U41: =R41/Q41 -> 0.65977961 | V41: =(C41-D41-E41)/C41 -> 0.96736072 | W41: =S41/R41 -> 0.96455115 | X41: =U41*V41*W41 -> 0.61561983
A42: 41 | B42: P4 | C42: 1668 | D42: 24 | E42: 13 | F42: 126 | G42: 37 | H42: 16 | I42: 25 | J42: 7 | K42: 29 | L42: 26 | N42: 17 | O42: =37500/250 -> 150 | P42: =4000*60/250 -> 960 | Q42: =P42-H42-J42-M42-N42-O42 -> 770 | R42: =Q42-F42-G42-I42-K42-L42 -> 527 | S42: =C42*0.26 -> 433.68 | T42: =(C42-D42-E42)*0.26 -> 424.06 | U42: =R42/Q42 -> 0.68441558 | V42: =(C42-D42-E42)/C42 -> 0.97781775 | W42: =S42/R42 -> 0.8229222 | X42: =U42*V42*W42 -> 0.55072727
A43: 42 | B43: P3 | C43: 1600 | D43: 24 | E43: 37 | F43: 153 | G43: 42 | H43: 19 | I43: 29 | J43: 5 | K43: 24 | L43: 29 | N43: 18 | O43: =37500/250 -> 150 | P43: =4000*60/250 -> 960 | Q43: =P43-H43-J43-M43-N43-O43 -> 768 | R43: =Q43-F43-G43-I43-K43-L43 -> 491 | S43: =C43*0.26 -> 416 | T43: =(C43-D43-E43)*0.26 -> 400.14 | U43: =R43/Q43 -> 0.63932292 | V43: =(C43-D43-E43)/C43 -> 0.961875 | W43: =S43/R43 -> 0.84725051 | X43: =U43*V43*W43 -> 0.52101562
A44: 43 | B44: P2 | C44: 1748 | D44: 15 | E44: 35 | F44: 157 | G44: 35 | H44: 20 | I44: 38 | J44: 8 | K44: 16 | L44: 29 | N44: 15 | O44: =37500/250 -> 150 | P44: =4000*60/250 -> 960 | Q44: =P44-H44-J44-M44-N44-O44 -> 767 | R44: =Q44-F44-G44-I44-K44-L44 -> 492 | S44: =C44*0.26 -> 454.48 | T44: =(C44-D44-E44)*0.26 -> 441.48 | U44: =R44/Q44 -> 0.64146023 | V44: =(C44-D44-E44)/C44 -> 0.97139588 | W44: =S44/R44 -> 0.92373984 | X44: =U44*V44*W44 -> 0.57559322
A45: 44 | B45: P1 | C45: 1745 | D45: 28 | E45: 37 | F45: 136 | G45: 30 | H45: 17 | I45: 35 | J45: 10 | K45: 18 | L45: 32 | N45: 13 | O45: =37500/250 -> 150 | P45: =4000*60/250 -> 960 | Q45: =P45-H45-J45-M45-N45-O45 -> 770 | R45: =Q45-F45-G45-I45-K45-L45 -> 519 | S45: =C45*0.26 -> 453.7 | T45: =(C45-D45-E45)*0.26 -> 436.8 | U45: =R45/Q45 -> 0.67402597 | V45: =(C45-D45-E45)/C45 -> 0.96275072 | W45: =S45/R45 -> 0.87418112 | X45: =U45*V45*W45 -> 0.56727273
A46: 45 | B46: P3 | C46: 1575 | D46: 29 | E46: 35 | F46: 143 | G46: 25 | H46: 20 | I46: 28 | J46: 8 | K46: 35 | L46: 32 | N46: 17 | O46: =37500/250 -> 150 | P46: =4000*60/250 -> 960 | Q46: =P46-H46-J46-M46-N46-O46 -> 765 | R46: =Q46-F46-G46-I46-K46-L46 -> 502 | S46: =C46*0.26 -> 409.5 | T46: =(C46-D46-E46)*0.26 -> 392.86 | U46: =R46/Q46 -> 0.65620915 | V46: =(C46-D46-E46)/C46 -> 0.95936508 | W46: =S46/R46 -> 0.81573705 | X46: =U46*V46*W46 -> 0.51354248
A47: 46 | B47: P2 | C47: 1676 | D47: 20 | E47: 11 | F47: 132 | G47: 30 | H47: 17 | I47: 25 | J47: 12 | K47: 33 | L47: 37 | N47: 13 | O47: =37500/250 -> 150 | P47: =4000*60/250 -> 960 | Q47: =P47-H47-J47-M47-N47-O47 -> 768 | R47: =Q47-F47-G47-I47-K47-L47 -> 511 | S47: =C47*0.26 -> 435.76 | T47: =(C47-D47-E47)*0.26 -> 427.7 | U47: =R47/Q47 -> 0.66536458 | V47: =(C47-D47-E47)/C47 -> 0.98150358 | W47: =S47/R47 -> 0.8527593 | X47: =U47*V47*W47 -> 0.55690104
A48: 47 | B48: P2 | C48: 1744 | D48: 22 | E48: 19 | F48: 132 | G48: 30 | H48: 18 | I48: 34 | J48: 8 | L48: 26 | N48: 16 | O48: =37500/250 -> 150 | P48: =4000*60/250 -> 960 | Q48: =P48-H48-J48-M48-N48-O48 -> 768 | R48: =Q48-F48-G48-I48-K48-L48 -> 546 | S48: =C48*0.26 -> 453.44 | T48: =(C48-D48-E48)*0.26 -> 442.78 | U48: =R48/Q48 -> 0.7109375 | V48: =(C48-D48-E48)/C48 -> 0.97649083 | W48: =S48/R48 -> 0.83047619 | X48: =U48*V48*W48 -> 0.57653646
A49: 48 | B49: P2 | C49: 1702 | D49: 29 | E49: 31 | F49: 165 | G49: 41 | H49: 15 | I49: 26 | J49: 10 | L49: 36 | N49: 17 | O49: =37500/250 -> 150 | P49: =4000*60/250 -> 960 | Q49: =P49-H49-J49-M49-N49-O49 -> 768 | R49: =Q49-F49-G49-I49-K49-L49 -> 500 | S49: =C49*0.26 -> 442.52 | T49: =(C49-D49-E49)*0.26 -> 426.92 | U49: =R49/Q49 -> 0.65104167 | V49: =(C49-D49-E49)/C49 -> 0.96474736 | W49: =S49/R49 -> 0.88504 | X49: =U49*V49*W49 -> 0.55588542
A50: 49 | B50: P4 | C50: 1594 | D50: 10 | E50: 46 | F50: 168 | G50: 23 | H50: 16 | I50: 44 | J50: 10 | K50: 34 | L50: 33 | N50: 19 | O50: =37500/250 -> 150 | P50: =4000*60/250 -> 960 | Q50: =P50-H50-J50-M50-N50-O50 -> 765 | R50: =Q50-F50-G50-I50-K50-L50 -> 463 | S50: =C50*0.26 -> 414.44 | T50: =(C50-D50-E50)*0.26 -> 399.88 | U50: =R50/Q50 -> 0.60522876 | V50: =(C50-D50-E50)/C50 -> 0.96486826 | W50: =S50/R50 -> 0.89511879 | X50: =U50*V50*W50 -> 0.52271895
A51: 50 | B51: P3 | C51: 1643 | D51: 25 | E51: 19 | F51: 119 | G51: 34 | H51: 20 | I51: 45 | J51: 7 | K51: 20 | L51: 28 | M51: 20 | N51: 19 | O51: =37500/250 -> 150 | P51: =4000*60/250 -> 960 | Q51: =P51-H51-J51-M51-N51-O51 -> 744 | R51: =Q51-F51-G51-I51-K51-L51 -> 498 | S51: =C51*0.26 -> 427.18 | T51: =(C51-D51-E51)*0.26 -> 415.74 | U51: =R51/Q51 -> 0.66935484 | V51: =(C51-D51-E51)/C51 -> 0.97321972 | W51: =S51/R51 -> 0.85779116 | X51: =U51*V51*W51 -> 0.55879032
A52: 51 | B52: P2 | C52: 1670 | D52: 16 | E52: 39 | F52: 136 | G52: 34 | H52: 15 | I52: 38 | J52: 11 | K52: 27 | L52: 33 | N52: 14 | O52: =37500/250 -> 150 | P52: =4000*60/250 -> 960 | Q52: =P52-H52-J52-M52-N52-O52 -> 770 | R52: =Q52-F52-G52-I52-K52-L52 -> 502 | S52: =C52*0.26 -> 434.2 | T52: =(C52-D52-E52)*0.26 -> 419.9 | U52: =R52/Q52 -> 0.65194805 | V52: =(C52-D52-E52)/C52 -> 0.96706587 | W52: =S52/R52 -> 0.86494024 | X52: =U52*V52*W52 -> 0.54532468
A53: 52 | B53: P1 | C53: 1774 | D53: 26 | E53: 28 | F53: 143 | G53: 23 | H53: 17 | I53: 40 | J53: 8 | K53: 38 | L53: 34 | N53: 14 | O53: =37500/250 -> 150 | P53: =4000*60/250 -> 960 | Q53: =P53-H53-J53-M53-N53-O53 -> 771 | R53: =Q53-F53-G53-I53-K53-L53 -> 493 | S53: =C53*0.26 -> 461.24 | T53: =(C53-D53-E53)*0.26 -> 447.2 | U53: =R53/Q53 -> 0.63942931 | V53: =(C53-D53-E53)/C53 -> 0.96956032 | W53: =S53/R53 -> 0.93557809 | X53: =U53*V53*W53 -> 0.58002594
A54: 53 | B54: P3 | C54: 1548 | D54: 24 | E54: 39 | F54: 143 | G54: 43 | H54: 20 | I54: 31 | J54: 10 | K54: 27 | L54: 28 | N54: 17 | O54: =37500/250 -> 150 | P54: =4000*60/250 -> 960 | Q54: =P54-H54-J54-M54-N54-O54 -> 763 | R54: =Q54-F54-G54-I54-K54-L54 -> 491 | S54: =C54*0.26 -> 402.48 | T54: =(C54-D54-E54)*0.26 -> 386.1 | U54: =R54/Q54 -> 0.64351245 | V54: =(C54-D54-E54)/C54 -> 0.95930233 | W54: =S54/R54 -> 0.81971487 | X54: =U54*V54*W54 -> 0.50602883
A55: 54 | B55: P2 | C55: 1607 | D55: 24 | E55: 19 | F55: 156 | G55: 33 | H55: 16 | I55: 37 | J55: 10 | K55: 35 | L55: 33 | N55: 13 | O55: =37500/250 -> 150 | P55: =4000*60/250 -> 960 | Q55: =P55-H55-J55-M55-N55-O55 -> 771 | R55: =Q55-F55-G55-I55-K55-L55 -> 477 | S55: =C55*0.26 -> 417.82 | T55: =(C55-D55-E55)*0.26 -> 406.64 | U55: =R55/Q55 -> 0.61867704 | V55: =(C55-D55-E55)/C55 -> 0.97324207 | W55: =S55/R55 -> 0.87593291 | X55: =U55*V55*W55 -> 0.52741894
A56: 55 | B56: P4 | C56: 1610 | D56: 11 | E56: 37 | F56: 160 | G56: 35 | H56: 19 | I56: 43 | J56: 7 | K56: 29 | L56: 34 | N56: 12 | O56: =37500/250 -> 150 | P56: =4000*60/250 -> 960 | Q56: =P56-H56-J56-M56-N56-O56 -> 772 | R56: =Q56-F56-G56-I56-K56-L56 -> 471 | S56: =C56*0.26 -> 418.6 | T56: =(C56-D56-E56)*0.26 -> 406.12 | U56: =R56/Q56 -> 0.61010363 | V56: =(C56-D56-E56)/C56 -> 0.97018634 | W56: =S56/R56 -> 0.88874735 | X56: =U56*V56*W56 -> 0.52606218
A57: 56 | B57: P4 | C57: 1579 | D57: 22 | E57: 48 | F57: 167 | G57: 31 | H57: 15 | I57: 48 | J57: 8 | L57: 31 | N57: 18 | O57: =37500/250 -> 150 | P57: =4000*60/250 -> 960 | Q57: =P57-H57-J57-M57-N57-O57 -> 769 | R57: =Q57-F57-G57-I57-K57-L57 -> 492 | S57: =C57*0.26 -> 410.54 | T57: =(C57-D57-E57)*0.26 -> 392.34 | U57: =R57/Q57 -> 0.63979194 | V57: =(C57-D57-E57)/C57 -> 0.95566814 | W57: =S57/R57 -> 0.83443089 | X57: =U57*V57*W57 -> 0.51019506
A58: 57 | B58: P4 | C58: 1596 | D58: 15 | E58: 8 | F58: 150 | G58: 37 | H58: 19 | I58: 39 | J58: 9 | L58: 30 | N58: 13 | O58: =37500/250 -> 150 | P58: =4000*60/250 -> 960 | Q58: =P58-H58-J58-M58-N58-O58 -> 769 | R58: =Q58-F58-G58-I58-K58-L58 -> 513 | S58: =C58*0.26 -> 414.96 | T58: =(C58-D58-E58)*0.26 -> 408.98 | U58: =R58/Q58 -> 0.66710013 | V58: =(C58-D58-E58)/C58 -> 0.98558897 | W58: =S58/R58 -> 0.80888889 | X58: =U58*V58*W58 -> 0.53183355
A59: 58 | B59: P2 | C59: 1596 | D59: 23 | E59: 39 | F59: 155 | G59: 29 | H59: 19 | I59: 30 | J59: 8 | K59: 31 | L59: 30 | N59: 14 | O59: =37500/250 -> 150 | P59: =4000*60/250 -> 960 | Q59: =P59-H59-J59-M59-N59-O59 -> 769 | R59: =Q59-F59-G59-I59-K59-L59 -> 494 | S59: =C59*0.26 -> 414.96 | T59: =(C59-D59-E59)*0.26 -> 398.84 | U59: =R59/Q59 -> 0.64239272 | V59: =(C59-D59-E59)/C59 -> 0.96115288 | W59: =S59/R59 -> 0.84 | X59: =U59*V59*W59 -> 0.51864759
A60: 59 | B60: P2 | C60: 1626 | D60: 22 | E60: 45 | F60: 175 | G60: 26 | H60: 18 | I60: 47 | J60: 12 | L60: 33 | N60: 18 | O60: =37500/250 -> 150 | P60: =4000*60/250 -> 960 | Q60: =P60-H60-J60-M60-N60-O60 -> 762 | R60: =Q60-F60-G60-I60-K60-L60 -> 481 | S60: =C60*0.26 -> 422.76 | T60: =(C60-D60-E60)*0.26 -> 405.34 | U60: =R60/Q60 -> 0.6312336 | V60: =(C60-D60-E60)/C60 -> 0.95879459 | W60: =S60/R60 -> 0.87891892 | X60: =U60*V60*W60 -> 0.53194226
A61: 60 | B61: P4 | C61: 1567 | D61: 15 | E61: 46 | F61: 155 | G61: 34 | H61: 16 | I61: 29 | J61: 9 | K61: 26 | L61: 27 | M61: 40 | N61: 18 | O61: =37500/250 -> 150 | P61: =4000*60/250 -> 960 | Q61: =P61-H61-J61-M61-N61-O61 -> 727 | R61: =Q61-F61-G61-I61-K61-L61 -> 456 | S61: =C61*0.26 -> 407.42 | T61: =(C61-D61-E61)*0.26 -> 391.56 | U61: =R61/Q61 -> 0.62723521 | V61: =(C61-D61-E61)/C61 -> 0.96107211 | W61: =S61/R61 -> 0.89346491 | X61: =U61*V61*W61 -> 0.53859697
A62: 61 | B62: P3 | C62: 1702 | D62: 19 | E62: 38 | F62: 147 | G62: 38 | H62: 16 | I62: 23 | J62: 5 | K62: 16 | L62: 30 | N62: 14 | O62: =37500/250 -> 150 | P62: =4000*60/250 -> 960 | Q62: =P62-H62-J62-M62-N62-O62 -> 775 | R62: =Q62-F62-G62-I62-K62-L62 -> 521 | S62: =C62*0.26 -> 442.52 | T62: =(C62-D62-E62)*0.26 -> 427.7 | U62: =R62/Q62 -> 0.67225806 | V62: =(C62-D62-E62)/C62 -> 0.96650999 | W62: =S62/R62 -> 0.8493666 | X62: =U62*V62*W62 -> 0.55187097
A63: 62 | B63: P2 | C63: 1590 | D63: 10 | E63: 26 | F63: 148 | G63: 38 | H63: 15 | I63: 35 | J63: 7 | K63: 16 | L63: 34 | N63: 16 | O63: =37500/250 -> 150 | P63: =4000*60/250 -> 960 | Q63: =P63-H63-J63-M63-N63-O63 -> 772 | R63: =Q63-F63-G63-I63-K63-L63 -> 501 | S63: =C63*0.26 -> 413.4 | T63: =(C63-D63-E63)*0.26 -> 404.04 | U63: =R63/Q63 -> 0.64896373 | V63: =(C63-D63-E63)/C63 -> 0.97735849 | W63: =S63/R63 -> 0.8251497 | X63: =U63*V63*W63 -> 0.52336788
A64: 63 | B64: P2 | C64: 1588 | D64: 18 | E64: 10 | F64: 136 | G64: 38 | H64: 20 | I64: 28 | J64: 8 | L64: 36 | N64: 17 | O64: =37500/250 -> 150 | P64: =4000*60/250 -> 960 | Q64: =P64-H64-J64-M64-N64-O64 -> 765 | R64: =Q64-F64-G64-I64-K64-L64 -> 527 | S64: =C64*0.26 -> 412.88 | T64: =(C64-D64-E64)*0.26 -> 405.6 | U64: =R64/Q64 -> 0.68888889 | V64: =(C64-D64-E64)/C64 -> 0.98236776 | W64: =S64/R64 -> 0.78345351 | X64: =U64*V64*W64 -> 0.53019608
A65: 64 | B65: P4 | C65: 1651 | D65: 15 | E65: 40 | F65: 131 | G65: 33 | H65: 20 | I65: 35 | J65: 8 | K65: 18 | L65: 33 | N65: 14 | O65: =37500/250 -> 150 | P65: =4000*60/250 -> 960 | Q65: =P65-H65-J65-M65-N65-O65 -> 768 | R65: =Q65-F65-G65-I65-K65-L65 -> 518 | S65: =C65*0.26 -> 429.26 | T65: =(C65-D65-E65)*0.26 -> 414.96 | U65: =R65/Q65 -> 0.67447917 | V65: =(C65-D65-E65)/C65 -> 0.96668686 | W65: =S65/R65 -> 0.82868726 | X65: =U65*V65*W65 -> 0.5403125
A66: 65 | B66: P3 | C66: 1728 | D66: 16 | E66: 45 | F66: 140 | G66: 34 | H66: 15 | I66: 44 | J66: 12 | K66: 34 | L66: 35 | N66: 18 | O66: =37500/250 -> 150 | P66: =4000*60/250 -> 960 | Q66: =P66-H66-J66-M66-N66-O66 -> 765 | R66: =Q66-F66-G66-I66-K66-L66 -> 478 | S66: =C66*0.26 -> 449.28 | T66: =(C66-D66-E66)*0.26 -> 433.42 | U66: =R66/Q66 -> 0.6248366 | V66: =(C66-D66-E66)/C66 -> 0.96469907 | W66: =S66/R66 -> 0.93991632 | X66: =U66*V66*W66 -> 0.56656209
A67: 66 | B67: P2 | C67: 1615 | D67: 27 | E67: 13 | F67: 148 | G67: 28 | H67: 15 | I67: 41 | J67: 7 | K67: 18 | L67: 27 | N67: 17 | O67: =37500/250 -> 150 | P67: =4000*60/250 -> 960 | Q67: =P67-H67-J67-M67-N67-O67 -> 771 | R67: =Q67-F67-G67-I67-K67-L67 -> 509 | S67: =C67*0.26 -> 419.9 | T67: =(C67-D67-E67)*0.26 -> 409.5 | U67: =R67/Q67 -> 0.66018158 | V67: =(C67-D67-E67)/C67 -> 0.9752322 | W67: =S67/R67 -> 0.82495088 | X67: =U67*V67*W67 -> 0.5311284
A68: 67 | B68: P1 | C68: 1551 | D68: 30 | E68: 6 | F68: 163 | G68: 44 | H68: 19 | I68: 29 | J68: 9 | K68: 35 | L68: 32 | N68: 13 | O68: =37500/250 -> 150 | P68: =4000*60/250 -> 960 | Q68: =P68-H68-J68-M68-N68-O68 -> 769 | R68: =Q68-F68-G68-I68-K68-L68 -> 466 | S68: =C68*0.26 -> 403.26 | T68: =(C68-D68-E68)*0.26 -> 393.9 | U68: =R68/Q68 -> 0.60598179 | V68: =(C68-D68-E68)/C68 -> 0.97678917 | W68: =S68/R68 -> 0.86536481 | X68: =U68*V68*W68 -> 0.51222367
A69: 68 | B69: P4 | C69: 1505 | D69: 23 | E69: 41 | F69: 151 | G69: 40 | H69: 17 | I69: 34 | J69: 12 | K69: 29 | L69: 27 | N69: 13 | O69: =37500/250 -> 150 | P69: =4000*60/250 -> 960 | Q69: =P69-H69-J69-M69-N69-O69 -> 768 | R69: =Q69-F69-G69-I69-K69-L69 -> 487 | S69: =C69*0.26 -> 391.3 | T69: =(C69-D69-E69)*0.26 -> 374.66 | U69: =R69/Q69 -> 0.63411458 | V69: =(C69-D69-E69)/C69 -> 0.95747508 | W69: =S69/R69 -> 0.80349076 | X69: =U69*V69*W69 -> 0.48783854
A70: 69 | B70: P4 | C70: 1713 | D70: 12 | E70: 17 | F70: 139 | G70: 37 | H70: 18 | I70: 51 | J70: 7 | L70: 34 | N70: 14 | O70: =37500/250 -> 150 | P70: =4000*60/250 -> 960 | Q70: =P70-H70-J70-M70-N70-O70 -> 771 | R70: =Q70-F70-G70-I70-K70-L70 -> 510 | S70: =C70*0.26 -> 445.38 | T70: =(C70-D70-E70)*0.26 -> 437.84 | U70: =R70/Q70 -> 0.6614786 | V70: =(C70-D70-E70)/C70 -> 0.98307064 | W70: =S70/R70 -> 0.87329412 | X70: =U70*V70*W70 -> 0.56788586
A71: 70 | B71: P2 | C71: 1732 | D71: 29 | E71: 31 | F71: 126 | G71: 48 | H71: 19 | I71: 37 | J71: 10 | K71: 17 | L71: 32 | M71: 50 | N71: 19 | O71: =37500/250 -> 150 | P71: =4000*60/250 -> 960 | Q71: =P71-H71-J71-M71-N71-O71 -> 712 | R71: =Q71-F71-G71-I71-K71-L71 -> 452 | S71: =C71*0.26 -> 450.32 | T71: =(C71-D71-E71)*0.26 -> 434.72 | U71: =R71/Q71 -> 0.63483146 | V71: =(C71-D71-E71)/C71 -> 0.96535797 | W71: =S71/R71 -> 0.99628319 | X71: =U71*V71*W71 -> 0.6105618
A72: 71 | B72: P2 | C72: 1631 | D72: 17 | E72: 34 | F72: 162 | G72: 36 | H72: 17 | I72: 33 | J72: 7 | L72: 32 | N72: 15 | O72: =37500/250 -> 150 | P72: =4000*60/250 -> 960 | Q72: =P72-H72-J72-M72-N72-O72 -> 771 | R72: =Q72-F72-G72-I72-K72-L72 -> 508 | S72: =C72*0.26 -> 424.06 | T72: =(C72-D72-E72)*0.26 -> 410.8 | U72: =R72/Q72 -> 0.65888457 | V72: =(C72-D72-E72)/C72 -> 0.96873084 | W72: =S72/R72 -> 0.83476378 | X72: =U72*V72*W72 -> 0.53281453
A73: 72 | B73: P4 | C73: 1635 | D73: 21 | E73: 7 | F73: 165 | G73: 27 | H73: 16 | I73: 33 | J73: 10 | K73: 40 | L73: 27 | N73: 15 | O73: =37500/250 -> 150 | P73: =4000*60/250 -> 960 | Q73: =P73-H73-J73-M73-N73-O73 -> 769 | R73: =Q73-F73-G73-I73-K73-L73 -> 477 | S73: =C73*0.26 -> 425.1 | T73: =(C73-D73-E73)*0.26 -> 417.82 | U73: =R73/Q73 -> 0.62028609 | V73: =(C73-D73-E73)/C73 -> 0.98287462 | W73: =S73/R73 -> 0.89119497 | X73: =U73*V73*W73 -> 0.543329
A74: 73 | B74: P1 | C74: 1599 | D74: 17 | E74: 23 | F74: 133 | G74: 44 | H74: 17 | I74: 40 | J74: 9 | K74: 18 | L74: 33 | N74: 16 | O74: =37500/250 -> 150 | P74: =4000*60/250 -> 960 | Q74: =P74-H74-J74-M74-N74-O74 -> 768 | R74: =Q74-F74-G74-I74-K74-L74 -> 500 | S74: =C74*0.26 -> 415.74 | T74: =(C74-D74-E74)*0.26 -> 405.34 | U74: =R74/Q74 -> 0.65104167 | V74: =(C74-D74-E74)/C74 -> 0.97498437 | W74: =S74/R74 -> 0.83148 | X74: =U74*V74*W74 -> 0.52778646
A75: 74 | B75: P2 | C75: 1635 | D75: 23 | E75: 10 | F75: 148 | G75: 26 | H75: 15 | I75: 33 | J75: 11 | K75: 16 | L75: 26 | N75: 15 | O75: =37500/250 -> 150 | P75: =4000*60/250 -> 960 | Q75: =P75-H75-J75-M75-N75-O75 -> 769 | R75: =Q75-F75-G75-I75-K75-L75 -> 520 | S75: =C75*0.26 -> 425.1 | T75: =(C75-D75-E75)*0.26 -> 416.52 | U75: =R75/Q75 -> 0.67620286 | V75: =(C75-D75-E75)/C75 -> 0.97981651 | W75: =S75/R75 -> 0.8175 | X75: =U75*V75*W75 -> 0.54163849
A76: 75 | B76: P2 | C76: 1528 | D76: 29 | E76: 28 | F76: 162 | G76: 32 | H76: 19 | I76: 25 | J76: 12 | L76: 35 | N76: 13 | O76: =37500/250 -> 150 | P76: =4000*60/250 -> 960 | Q76: =P76-H76-J76-M76-N76-O76 -> 766 | R76: =Q76-F76-G76-I76-K76-L76 -> 512 | S76: =C76*0.26 -> 397.28 | T76: =(C76-D76-E76)*0.26 -> 382.46 | U76: =R76/Q76 -> 0.66840731 | V76: =(C76-D76-E76)/C76 -> 0.96269634 | W76: =S76/R76 -> 0.7759375 | X76: =U76*V76*W76 -> 0.49929504
A77: 76 | B77: P4 | C77: 1564 | D77: 11 | E77: 17 | F77: 132 | G77: 30 | H77: 19 | I77: 56 | J77: 10 | K77: 18 | L77: 30 | N77: 15 | O77: =37500/250 -> 150 | P77: =4000*60/250 -> 960 | Q77: =P77-H77-J77-M77-N77-O77 -> 766 | R77: =Q77-F77-G77-I77-K77-L77 -> 500 | S77: =C77*0.26 -> 406.64 | T77: =(C77-D77-E77)*0.26 -> 399.36 | U77: =R77/Q77 -> 0.65274151 | V77: =(C77-D77-E77)/C77 -> 0.98209719 | W77: =S77/R77 -> 0.81328 | X77: =U77*V77*W77 -> 0.5213577
A78: 77 | B78: P1 | C78: 1552 | D78: 23 | E78: 15 | F78: 151 | G78: 32 | H78: 16 | I78: 55 | J78: 9 | K78: 25 | L78: 25 | N78: 17 | O78: =37500/250 -> 150 | P78: =4000*60/250 -> 960 | Q78: =P78-H78-J78-M78-N78-O78 -> 768 | R78: =Q78-F78-G78-I78-K78-L78 -> 480 | S78: =C78*0.26 -> 403.52 | T78: =(C78-D78-E78)*0.26 -> 393.64 | U78: =R78/Q78 -> 0.625 | V78: =(C78-D78-E78)/C78 -> 0.97551546 | W78: =S78/R78 -> 0.84066667 | X78: =U78*V78*W78 -> 0.51255208
A79: 78 | B79: P3 | C79: 1446 | D79: 15 | E79: 11 | F79: 193 | G79: 28 | H79: 19 | I79: 59 | J79: 11 | K79: 22 | L79: 29 | N79: 14 | O79: =37500/250 -> 150 | P79: =4000*60/250 -> 960 | Q79: =P79-H79-J79-M79-N79-O79 -> 766 | R79: =Q79-F79-G79-I79-K79-L79 -> 435 | S79: =C79*0.26 -> 375.96 | T79: =(C79-D79-E79)*0.26 -> 369.2 | U79: =R79/Q79 -> 0.56788512 | V79: =(C79-D79-E79)/C79 -> 0.98201936 | W79: =S79/R79 -> 0.86427586 | X79: =U79*V79*W79 -> 0.48198433
A80: 79 | B80: P2 | C80: 1505 | D80: 27 | E80: 35 | F80: 158 | G80: 50 | H80: 18 | I80: 44 | J80: 11 | K80: 26 | L80: 33 | N80: 14 | O80: =37500/250 -> 150 | P80: =4000*60/250 -> 960 | Q80: =P80-H80-J80-M80-N80-O80 -> 767 | R80: =Q80-F80-G80-I80-K80-L80 -> 456 | S80: =C80*0.26 -> 391.3 | T80: =(C80-D80-E80)*0.26 -> 375.18 | U80: =R80/Q80 -> 0.59452412 | V80: =(C80-D80-E80)/C80 -> 0.95880399 | W80: =S80/R80 -> 0.85811404 | X80: =U80*V80*W80 -> 0.48915254
A81: 80 | B81: P2 | C81: 1534 | D81: 24 | E81: 11 | F81: 148 | G81: 43 | H81: 18 | I81: 31 | J81: 9 | L81: 33 | M81: 50 | N81: 18 | O81: =37500/250 -> 150 | P81: =4000*60/250 -> 960 | Q81: =P81-H81-J81-M81-N81-O81 -> 715 | R81: =Q81-F81-G81-I81-K81-L81 -> 460 | S81: =C81*0.26 -> 398.84 | T81: =(C81-D81-E81)*0.26 -> 389.74 | U81: =R81/Q81 -> 0.64335664 | V81: =(C81-D81-E81)/C81 -> 0.97718383 | W81: =S81/R81 -> 0.86704348 | X81: =U81*V81*W81 -> 0.54509091
A82: 81 | B82: P2 | C82: 1655 | D82: 26 | E82: 43 | F82: 186 | G82: 42 | H82: 19 | I82: 26 | J82: 5 | L82: 32 | N82: 17 | O82: =37500/250 -> 150 | P82: =4000*60/250 -> 960 | Q82: =P82-H82-J82-M82-N82-O82 -> 769 | R82: =Q82-F82-G82-I82-K82-L82 -> 483 | S82: =C82*0.26 -> 430.3 | T82: =(C82-D82-E82)*0.26 -> 412.36 | U82: =R82/Q82 -> 0.62808843 | V82: =(C82-D82-E82)/C82 -> 0.95830816 | W82: =S82/R82 -> 0.89089027 | X82: =U82*V82*W82 -> 0.53622887
A83: 82 | B83: P4 | C83: 1573 | D83: 30 | E83: 31 | F83: 152 | G83: 39 | H83: 20 | I83: 51 | J83: 6 | K83: 39 | L83: 35 | N83: 15 | O83: =37500/250 -> 150 | P83: =4000*60/250 -> 960 | Q83: =P83-H83-J83-M83-N83-O83 -> 769 | R83: =Q83-F83-G83-I83-K83-L83 -> 453 | S83: =C83*0.26 -> 408.98 | T83: =(C83-D83-E83)*0.26 -> 393.12 | U83: =R83/Q83 -> 0.58907672 | V83: =(C83-D83-E83)/C83 -> 0.9612206 | W83: =S83/R83 -> 0.90282561 | X83: =U83*V83*W83 -> 0.51120936
A84: 83 | B84: P3 | C84: 1619 | D84: 12 | E84: 42 | F84: 160 | G84: 43 | H84: 17 | I84: 31 | J84: 7 | K84: 17 | L84: 35 | N84: 15 | O84: =37500/250 -> 150 | P84: =4000*60/250 -> 960 | Q84: =P84-H84-J84-M84-N84-O84 -> 771 | R84: =Q84-F84-G84-I84-K84-L84 -> 485 | S84: =C84*0.26 -> 420.94 | T84: =(C84-D84-E84)*0.26 -> 406.9 | U84: =R84/Q84 -> 0.62905318 | V84: =(C84-D84-E84)/C84 -> 0.96664608 | W84: =S84/R84 -> 0.86791753 | X84: =U84*V84*W84 -> 0.52775616
A85: 84 | B85: P2 | C85: 1526 | D85: 30 | E85: 30 | F85: 211 | G85: 43 | H85: 17 | I85: 42 | J85: 12 | K85: 32 | L85: 36 | N85: 19 | O85: =37500/250 -> 150 | P85: =4000*60/250 -> 960 | Q85: =P85-H85-J85-M85-N85-O85 -> 762 | R85: =Q85-F85-G85-I85-K85-L85 -> 398 | S85: =C85*0.26 -> 396.76 | T85: =(C85-D85-E85)*0.26 -> 381.16 | U85: =R85/Q85 -> 0.52230971 | V85: =(C85-D85-E85)/C85 -> 0.96068152 | W85: =S85/R85 -> 0.99688442 | X85: =U85*V85*W85 -> 0.50020997
A86: 85 | B86: P1 | C86: 1506 | D86: 14 | E86: 9 | F86: 180 | G86: 36 | H86: 18 | I86: 32 | J86: 6 | K86: 28 | L86: 30 | N86: 14 | O86: =37500/250 -> 150 | P86: =4000*60/250 -> 960 | Q86: =P86-H86-J86-M86-N86-O86 -> 772 | R86: =Q86-F86-G86-I86-K86-L86 -> 466 | S86: =C86*0.26 -> 391.56 | T86: =(C86-D86-E86)*0.26 -> 385.58 | U86: =R86/Q86 -> 0.60362694 | V86: =(C86-D86-E86)/C86 -> 0.98472776 | W86: =S86/R86 -> 0.84025751 | X86: =U86*V86*W86 -> 0.49945596
A87: 86 | B87: P4 | C87: 1564 | D87: 16 | E87: 33 | F87: 173 | G87: 48 | H87: 19 | I87: 27 | J87: 9 | K87: 29 | L87: 31 | N87: 16 | O87: =37500/250 -> 150 | P87: =4000*60/250 -> 960 | Q87: =P87-H87-J87-M87-N87-O87 -> 766 | R87: =Q87-F87-G87-I87-K87-L87 -> 458 | S87: =C87*0.26 -> 406.64 | T87: =(C87-D87-E87)*0.26 -> 393.9 | U87: =R87/Q87 -> 0.59791123 | V87: =(C87-D87-E87)/C87 -> 0.96867008 | W87: =S87/R87 -> 0.88786026 | X87: =U87*V87*W87 -> 0.51422977
A88: 87 | B88: P2 | C88: 1586 | D88: 20 | E88: 45 | F88: 148 | G88: 45 | H88: 16 | I88: 62 | J88: 8 | K88: 15 | L88: 33 | N88: 14 | O88: =37500/250 -> 150 | P88: =4000*60/250 -> 960 | Q88: =P88-H88-J88-M88-N88-O88 -> 772 | R88: =Q88-F88-G88-I88-K88-L88 -> 469 | S88: =C88*0.26 -> 412.36 | T88: =(C88-D88-E88)*0.26 -> 395.46 | U88: =R88/Q88 -> 0.60751295 | V88: =(C88-D88-E88)/C88 -> 0.95901639 | W88: =S88/R88 -> 0.87923241 | X88: =U88*V88*W88 -> 0.51225389
A89: 88 | B89: P2 | C89: 1620 | D89: 25 | E89: 44 | F89: 165 | G89: 36 | H89: 15 | I89: 38 | J89: 7 | L89: 36 | N89: 13 | O89: =37500/250 -> 150 | P89: =4000*60/250 -> 960 | Q89: =P89-H89-J89-M89-N89-O89 -> 775 | R89: =Q89-F89-G89-I89-K89-L89 -> 500 | S89: =C89*0.26 -> 421.2 | T89: =(C89-D89-E89)*0.26 -> 403.26 | U89: =R89/Q89 -> 0.64516129 | V89: =(C89-D89-E89)/C89 -> 0.95740741 | W89: =S89/R89 -> 0.8424 | X89: =U89*V89*W89 -> 0.52033548
A90: 89 | B90: P4 | C90: 1451 | D90: 30 | E90: 44 | F90: 171 | G90: 46 | H90: 19 | I90: 58 | J90: 6 | K90: 32 | L90: 36 | N90: 17 | O90: =37500/250 -> 150 | P90: =4000*60/250 -> 960 | Q90: =P90-H90-J90-M90-N90-O90 -> 768 | R90: =Q90-F90-G90-I90-K90-L90 -> 425 | S90: =C90*0.26 -> 377.26 | T90: =(C90-D90-E90)*0.26 -> 358.02 | U90: =R90/Q90 -> 0.55338542 | V90: =(C90-D90-E90)/C90 -> 0.94900069 | W90: =S90/R90 -> 0.88767059 | X90: =U90*V90*W90 -> 0.46617187
A91: 90 | B91: P4 | C91: 1438 | D91: 30 | E91: 5 | F91: 186 | G91: 42 | H91: 19 | I91: 45 | J91: 11 | L91: 33 | M91: 45 | N91: 15 | O91: =37500/250 -> 150 | P91: =4000*60/250 -> 960 | Q91: =P91-H91-J91-M91-N91-O91 -> 720 | R91: =Q91-F91-G91-I91-K91-L91 -> 414 | S91: =C91*0.26 -> 373.88 | T91: =(C91-D91-E91)*0.26 -> 364.78 | U91: =R91/Q91 -> 0.575 | V91: =(C91-D91-E91)/C91 -> 0.97566064 | W91: =S91/R91 -> 0.90309179 | X91: =U91*V91*W91 -> 0.50663889
A92: 91 | B92: P4 | C92: 1615 | D92: 18 | E92: 29 | F92: 191 | G92: 46 | H92: 18 | I92: 30 | J92: 7 | L92: 31 | N92: 16 | O92: =37500/250 -> 150 | P92: =4000*60/250 -> 960 | Q92: =P92-H92-J92-M92-N92-O92 -> 769 | R92: =Q92-F92-G92-I92-K92-L92 -> 471 | S92: =C92*0.26 -> 419.9 | T92: =(C92-D92-E92)*0.26 -> 407.68 | U92: =R92/Q92 -> 0.61248375 | V92: =(C92-D92-E92)/C92 -> 0.97089783 | W92: =S92/R92 -> 0.89150743 | X92: =U92*V92*W92 -> 0.53014304
A93: 92 | B93: P2 | C93: 1463 | D93: 21 | E93: 49 | F93: 173 | G93: 44 | H93: 16 | I93: 51 | J93: 5 | K93: 39 | L93: 31 | N93: 17 | O93: =37500/250 -> 150 | P93: =4000*60/250 -> 960 | Q93: =P93-H93-J93-M93-N93-O93 -> 772 | R93: =Q93-F93-G93-I93-K93-L93 -> 434 | S93: =C93*0.26 -> 380.38 | T93: =(C93-D93-E93)*0.26 -> 362.18 | U93: =R93/Q93 -> 0.56217617 | V93: =(C93-D93-E93)/C93 -> 0.95215311 | W93: =S93/R93 -> 0.87645161 | X93: =U93*V93*W93 -> 0.46914508
A94: 93 | B94: P2 | C94: 1591 | D94: 13 | E94: 18 | F94: 145 | G94: 44 | H94: 15 | I94: 34 | J94: 9 | L94: 33 | N94: 19 | O94: =37500/250 -> 150 | P94: =4000*60/250 -> 960 | Q94: =P94-H94-J94-M94-N94-O94 -> 767 | R94: =Q94-F94-G94-I94-K94-L94 -> 511 | S94: =C94*0.26 -> 413.66 | T94: =(C94-D94-E94)*0.26 -> 405.6 | U94: =R94/Q94 -> 0.66623207 | V94: =(C94-D94-E94)/C94 -> 0.9805154 | W94: =S94/R94 -> 0.80951076 | X94: =U94*V94*W94 -> 0.52881356
A95: 94 | B95: P4 | C95: 1584 | D95: 18 | E95: 22 | F95: 195 | G95: 44 | H95: 18 | I95: 50 | J95: 11 | K95: 36 | L95: 28 | N95: 18 | O95: =37500/250 -> 150 | P95: =4000*60/250 -> 960 | Q95: =P95-H95-J95-M95-N95-O95 -> 763 | R95: =Q95-F95-G95-I95-K95-L95 -> 410 | S95: =C95*0.26 -> 411.84 | T95: =(C95-D95-E95)*0.26 -> 401.44 | U95: =R95/Q95 -> 0.53735256 | V95: =(C95-D95-E95)/C95 -> 0.97474747 | W95: =S95/R95 -> 1.0044878 | X95: =U95*V95*W95 -> 0.52613368
A96: 95 | B96: P4 | C96: 1477 | D96: 30 | E96: 30 | F96: 199 | G96: 36 | H96: 19 | I96: 56 | J96: 11 | L96: 30 | N96: 16 | O96: =37500/250 -> 150 | P96: =4000*60/250 -> 960 | Q96: =P96-H96-J96-M96-N96-O96 -> 764 | R96: =Q96-F96-G96-I96-K96-L96 -> 443 | S96: =C96*0.26 -> 384.02 | T96: =(C96-D96-E96)*0.26 -> 368.42 | U96: =R96/Q96 -> 0.57984293 | V96: =(C96-D96-E96)/C96 -> 0.95937712 | W96: =S96/R96 -> 0.8668623 | X96: =U96*V96*W96 -> 0.48222513
A97: 96 | B97: P1 | C97: 1498 | D97: 28 | E97: 41 | F97: 182 | G97: 37 | H97: 20 | I97: 35 | J97: 6 | K97: 17 | L97: 32 | N97: 16 | O97: =37500/250 -> 150 | P97: =4000*60/250 -> 960 | Q97: =P97-H97-J97-M97-N97-O97 -> 768 | R97: =Q97-F97-G97-I97-K97-L97 -> 465 | S97: =C97*0.26 -> 389.48 | T97: =(C97-D97-E97)*0.26 -> 371.54 | U97: =R97/Q97 -> 0.60546875 | V97: =(C97-D97-E97)/C97 -> 0.95393858 | W97: =S97/R97 -> 0.8375914 | X97: =U97*V97*W97 -> 0.48377604
A98: 97 | B98: P2 | C98: 1432 | D98: 18 | E98: 13 | F98: 203 | G98: 40 | H98: 18 | I98: 57 | J98: 9 | K98: 19 | L98: 37 | N98: 18 | O98: =37500/250 -> 150 | P98: =4000*60/250 -> 960 | Q98: =P98-H98-J98-M98-N98-O98 -> 765 | R98: =Q98-F98-G98-I98-K98-L98 -> 409 | S98: =C98*0.26 -> 372.32 | T98: =(C98-D98-E98)*0.26 -> 364.26 | U98: =R98/Q98 -> 0.53464052 | V98: =(C98-D98-E98)/C98 -> 0.97835196 | W98: =S98/R98 -> 0.91031785 | X98: =U98*V98*W98 -> 0.47615686
A99: 98 | B99: P2 | C99: 1530 | D99: 22 | E99: 41 | F99: 215 | G99: 33 | H99: 15 | I99: 40 | J99: 12 | L99: 33 | N99: 15 | O99: =37500/250 -> 150 | P99: =4000*60/250 -> 960 | Q99: =P99-H99-J99-M99-N99-O99 -> 768 | R99: =Q99-F99-G99-I99-K99-L99 -> 447 | S99: =C99*0.26 -> 397.8 | T99: =(C99-D99-E99)*0.26 -> 381.42 | U99: =R99/Q99 -> 0.58203125 | V99: =(C99-D99-E99)/C99 -> 0.95882353 | W99: =S99/R99 -> 0.88993289 | X99: =U99*V99*W99 -> 0.49664063
A100: 99 | B100: P4 | C100: 1437 | D100: 16 | E100: 23 | F100: 205 | G100: 34 | H100: 18 | I100: 64 | J100: 6 | K100: 28 | L100: 30 | N100: 18 | O100: =37500/250 -> 150 | P100: =4000*60/250 -> 960 | Q100: =P100-H100-J100-M100-N100-O100 -> 768 | R100: =Q100-F100-G100-I100-K100-L100 -> 407 | S100: =C100*0.26 -> 373.62 | T100: =(C100-D100-E100)*0.26 -> 363.48 | U100: =R100/Q100 -> 0.52994792 | V100: =(C100-D100-E100)/C100 -> 0.97286013 | W100: =S100/R100 -> 0.91798526 | X100: =U100*V100*W100 -> 0.47328125
...

Sheet Usinage
A1: Journée | B1: Produit | C1: Quantité | D1: Rejet-Démarage | E1: Rejet qualité | F1: Panne | G1: Arrêts mineurs | H1: Nettoyage | I1: Réglage dérive machine | J1: Inspection machine | K1: changement d'outil | L1: Déplacement/Manutention | M1: Remplacement préventif | N1: Lubrification | O1: pause | P1: TO | Q1: TR | R1: tfb | S1: tn | T1: tu | U1: TD | V1: TQ | W1: TP | X1: TRS
A2: 1 | B2: P1 | C2: =Découpe!C2-Découpe!D2-Découpe!E2 -> 1809 | D2: 19 | E2: 40 | F2: 51 | G2: 8 | H2: 10 | I2: 10 | J2: 6 | K2: 32 | L2: 16 | N2: 20 | O2: =37500/250 -> 150 | P2: =4000*60/250 -> 960 | Q2: =P2-H2-J2-M2-N2-O2 -> 774 | R2: =Q2-F2-G2-I2-K2-L2 -> 657 | S2: =C2*0.2 -> 361.8 | T2: =(C2-D2-E2)*0.2 -> 350 | U2: =R2/Q2 -> 0.84883721 | V2: =(C2-D2-E2)/C2 -> 0.9673853 | W2: =S2/R2 -> 0.55068493 | X2: =U2*V2*W2 -> 0.45219638
A3: 2 | B3: P3 | C3: =Découpe!C3-Découpe!D3-Découpe!E3 -> 1709 | D3: 23 | E3: 30 | F3: 52 | G3: 11 | H3: 5 | I3: 5 | J3: 6 | K3: 13 | L3: 24 | N3: 20 | O3: =37500/250 -> 150 | P3: =4000*60/250 -> 960 | Q3: =P3-H3-J3-M3-N3-O3 -> 779 | R3: =Q3-F3-G3-I3-K3-L3 -> 674 | S3: =C3*0.2 -> 341.8 | T3: =(C3-D3-E3)*0.2 -> 331.2 | U3: =R3/Q3 -> 0.86521181 | V3: =(C3-D3-E3)/C3 -> 0.96898771 | W3: =S3/R3 -> 0.50712166 | X3: =U3*V3*W3 -> 0.42516046
A4: 3 | B4: P2 | C4: =Découpe!C4-Découpe!D4-Découpe!E4 -> 1682 | D4: 25 | E4: 19 | F4: 54 | G4: 14 | H4: 9 | I4: 9 | J4: 8 | K4: 48 | L4: 15 | N4: 16 | O4: =37500/250 -> 150 | P4: =4000*60/250 -> 960 | Q4: =P4-H4-J4-M4-N4-O4 -> 777 | R4: =Q4-F4-G4-I4-K4-L4 -> 637 | S4: =C4*0.2 -> 336.4 | T4: =(C4-D4-E4)*0.2 -> 327.6 | U4: =R4/Q4 -> 0.81981982 | V4: =(C4-D4-E4)/C4 -> 0.97384067 | W4: =S4/R4 -> 0.52810047 | X4: =U4*V4*W4 -> 0.42162162
A5: 4 | B5: P4 | C5: =Découpe!C5-Découpe!D5-Découpe!E5 -> 1767 | D5: 23 | E5: 24 | F5: 48 | G5: 6 | H5: 6 | I5: 6 | J5: 6 | K5: 31 | L5: 21 | N5: 19 | O5: =37500/250 -> 150 | P5: =4000*60/250 -> 960 | Q5: =P5-H5-J5-M5-N5-O5 -> 779 | R5: =Q5-F5-G5-I5-K5-L5 -> 667 | S5: =C5*0.2 -> 353.4 | T5: =(C5-D5-E5)*0.2 -> 344 | U5: =R5/Q5 -> 0.85622593 | V5: =(C5-D5-E5)/C5 -> 0.97340125 | W5: =S5/R5 -> 0.52983508 | X5: =U5*V5*W5 -> 0.44159178
A6: 5 | B6: P1 | C6: =Découpe!C6-Découpe!D6-Découpe!E6 -> 1670 | D6: 22 | E6: 22 | F6: 75 | G6: 5 | H6: 10 | I6: 10 | J6: 7 | K6: 44 | L6: 22 | N6: 20 | O6: =37500/250 -> 150 | P6: =4000*60/250 -> 960 | Q6: =P6-H6-J6-M6-N6-O6 -> 773 | R6: =Q6-F6-G6-I6-K6-L6 -> 617 | S6: =C6*0.2 -> 334 | T6: =(C6-D6-E6)*0.2 -> 325.2 | U6: =R6/Q6 -> 0.79818887 | V6: =(C6-D6-E6)/C6 -> 0.97365269 | W6: =S6/R6 -> 0.54132901 | X6: =U6*V6*W6 -> 0.42069858
A7: 6 | B7: P2 | C7: =Découpe!C7-Découpe!D7-Découpe!E7 -> 1816 | D7: 19 | E7: 32 | F7: 49 | G7: 7 | H7: 15 | I7: 15 | J7: 6 | K7: 48 | L7: 20 | N7: 20 | O7: =37500/250 -> 150 | P7: =4000*60/250 -> 960 | Q7: =P7-H7-J7-M7-N7-O7 -> 769 | R7: =Q7-F7-G7-I7-K7-L7 -> 630 | S7: =C7*0.2 -> 363.2 | T7: =(C7-D7-E7)*0.2 -> 353 | U7: =R7/Q7 -> 0.81924577 | V7: =(C7-D7-E7)/C7 -> 0.9719163 | W7: =S7/R7 -> 0.57650794 | X7: =U7*V7*W7 -> 0.45903771
A8: 7 | B8: P2 | C8: =Découpe!C8-Découpe!D8-Découpe!E8 -> 1819 | D8: 18 | E8: 20 | F8: 46 | G8: 11 | H8: 11 | I8: 11 | J8: 5 | L8: 23 | N8: 16 | O8: =37500/250 -> 150 | P8: =4000*60/250 -> 960 | Q8: =P8-H8-J8-M8-N8-O8 -> 778 | R8: =Q8-F8-G8-I8-K8-L8 -> 687 | S8: =C8*0.2 -> 363.8 | T8: =(C8-D8-E8)*0.2 -> 356.2 | U8: =R8/Q8 -> 0.88303342 | V8: =(C8-D8-E8)/C8 -> 0.9791094 | W8: =S8/R8 -> 0.52954876 | X8: =U8*V8*W8 -> 0.45784062
A9: 8 | B9: P4 | C9: =Découpe!C9-Découpe!D9-Découpe!E9 -> 1828 | D9: 23 | E9: 22 | F9: 48 | G9: 14 | H9: 15 | I9: 16 | J9: 8 | K9: 14 | L9: 31 | N9: 18 | O9: =37500/250 -> 150 | P9: =4000*60/250 -> 960 | Q9: =P9-H9-J9-M9-N9-O9 -> 769 | R9: =Q9-F9-G9-I9-K9-L9 -> 646 | S9: =C9*0.2 -> 365.6 | T9: =(C9-D9-E9)*0.2 -> 356.6 | U9: =R9/Q9 -> 0.84005202 | V9: =(C9-D9-E9)/C9 -> 0.97538293 | W9: =S9/R9 -> 0.56594427 | X9: =U9*V9*W9 -> 0.46371912
A10: 9 | B10: P1 | C10: =Découpe!C10-Découpe!D10-Découpe!E10 -> 1720 | D10: 22 | E10: 40 | F10: 47 | G10: 9 | H10: 8 | I10: 9 | J10: 6 | K10: 27 | L10: 31 | N10: 20 | O10: =37500/250 -> 150 | P10: =4000*60/250 -> 960 | Q10: =P10-H10-J10-M10-N10-O10 -> 776 | R10: =Q10-F10-G10-I10-K10-L10 -> 653 | S10: =C10*0.2 -> 344 | T10: =(C10-D10-E10)*0.2 -> 331.6 | U10: =R10/Q10 -> 0.84149485 | V10: =(C10-D10-E10)/C10 -> 0.96395349 | W10: =S10/R10 -> 0.52679939 | X10: =U10*V10*W10 -> 0.42731959
A11: 10 | B11: P3 | C11: =Découpe!C11-Découpe!D11-Découpe!E11 -> 1720 | D11: 16 | E11: 24 | F11: 57 | G11: 13 | H11: 11 | I11: 12 | J11: 7 | K11: 24 | L11: 14 | N11: 17 | O11: =37500/250 -> 150 | P11: =4000*60/250 -> 960 | Q11: =P11-H11-J11-M11-N11-O11 -> 775 | R11: =Q11-F11-G11-I11-K11-L11 -> 655 | S11: =C11*0.2 -> 344 | T11: =(C11-D11-E11)*0.2 -> 336 | U11: =R11/Q11 -> 0.84516129 | V11: =(C11-D11-E11)/C11 -> 0.97674419 | W11: =S11/R11 -> 0.52519084 | X11: =U11*V11*W11 -> 0.43354839
A12: 11 | B12: P2 | C12: =Découpe!C12-Découpe!D12-Découpe!E12 -> 1808 | D12: 20 | E12: 20 | F12: 68 | G12: 8 | H12: 12 | I12: 13 | J12: 6 | K12: 14 | L12: 26 | N12: 19 | O12: =37500/250 -> 150 | P12: =4000*60/250 -> 960 | Q12: =P12-H12-J12-M12-N12-O12 -> 773 | R12: =Q12-F12-G12-I12-K12-L12 -> 644 | S12: =C12*0.2 -> 361.6 | T12: =(C12-D12-E12)*0.2 -> 353.6 | U12: =R12/Q12 -> 0.83311772 | V12: =(C12-D12-E12)/C12 -> 0.97787611 | W12: =S12/R12 -> 0.56149068 | X12: =U12*V12*W12 -> 0.45743855
A13: 12 | B13: P4 | C13: =Découpe!C13-Découpe!D13-Découpe!E13 -> 1852 | D13: 29 | E13: 35 | F13: 45 | G13: 12 | H13: 15 | I13: 16 | J13: 7 | K13: 24 | L13: 22 | N13: 16 | O13: =37500/250 -> 150 | P13: =4000*60/250 -> 960 | Q13: =P13-H13-J13-M13-N13-O13 -> 772 | R13: =Q13-F13-G13-I13-K13-L13 -> 653 | S13: =C13*0.2 -> 370.4 | T13: =(C13-D13-E13)*0.2 -> 357.6 | U13: =R13/Q13 -> 0.84585492 | V13: =(C13-D13-E13)/C13 -> 0.96544276 | W13: =S13/R13 -> 0.56722818 | X13: =U13*V13*W13 -> 0.46321244
A14: 13 | B14: P2 | C14: =Découpe!C14-Découpe!D14-Découpe!E14 -> 1708 | D14: 22 | E14: 28 | F14: 73 | G14: 10 | H14: 7 | I14: 8 | J14: 8 | K14: 10 | L14: 23 | N14: 18 | O14: =37500/250 -> 150 | P14: =4000*60/250 -> 960 | Q14: =P14-H14-J14-M14-N14-O14 -> 777 | R14: =Q14-F14-G14-I14-K14-L14 -> 653 | S14: =C14*0.2 -> 341.6 | T14: =(C14-D14-E14)*0.2 -> 331.6 | U14: =R14/Q14 -> 0.84041184 | V14: =(C14-D14-E14)/C14 -> 0.970726 | W14: =S14/R14 -> 0.52312404 | X14: =U14*V14*W14 -> 0.42676963
A15: 14 | B15: P4 | C15: =Découpe!C15-Découpe!D15-Découpe!E15 -> 1785 | D15: 28 | E15: 22 | F15: 51 | G15: 10 | H15: 9 | I15: 10 | J15: 7 | K15: 16 | L15: 24 | N15: 17 | O15: =37500/250 -> 150 | P15: =4000*60/250 -> 960 | Q15: =P15-H15-J15-M15-N15-O15 -> 777 | R15: =Q15-F15-G15-I15-K15-L15 -> 666 | S15: =C15*0.2 -> 357 | T15: =(C15-D15-E15)*0.2 -> 347 | U15: =R15/Q15 -> 0.85714286 | V15: =(C15-D15-E15)/C15 -> 0.9719888 | W15: =S15/R15 -> 0.53603604 | X15: =U15*V15*W15 -> 0.44658945
A16: 15 | B16: P1 | C16: =Découpe!C16-Découpe!D16-Découpe!E16 -> 1795 | D16: 21 | E16: 21 | F16: 58 | G16: 6 | H16: 10 | I16: 11 | J16: 8 | K16: 31 | L16: 27 | N16: 15 | O16: =37500/250 -> 150 | P16: =4000*60/250 -> 960 | Q16: =P16-H16-J16-M16-N16-O16 -> 777 | R16: =Q16-F16-G16-I16-K16-L16 -> 644 | S16: =C16*0.2 -> 359 | T16: =(C16-D16-E16)*0.2 -> 350.6 | U16: =R16/Q16 -> 0.82882883 | V16: =(C16-D16-E16)/C16 -> 0.97660167 | W16: =S16/R16 -> 0.55745342 | X16: =U16*V16*W16 -> 0.45122265
A17: 16 | B17: P3 | C17: =Découpe!C17-Découpe!D17-Découpe!E17 -> 1631 | D17: 24 | E17: 40 | F17: 57 | G17: 10 | H17: 6 | I17: 7 | J17: 6 | K17: 26 | L17: 17 | N17: 19 | O17: =37500/250 -> 150 | P17: =4000*60/250 -> 960 | Q17: =P17-H17-J17-M17-N17-O17 -> 779 | R17: =Q17-F17-G17-I17-K17-L17 -> 662 | S17: =C17*0.2 -> 326.2 | T17: =(C17-D17-E17)*0.2 -> 313.4 | U17: =R17/Q17 -> 0.84980745 | V17: =(C17-D17-E17)/C17 -> 0.96076027 | W17: =S17/R17 -> 0.49274924 | X17: =U17*V17*W17 -> 0.40231065
A18: 17 | B18: P2 | C18: =Découpe!C18-Découpe!D18-Découpe!E18 -> 1677 | D18: 19 | E18: 31 | F18: 61 | G18: 15 | H18: 9 | I18: 10 | J18: 7 | K18: 30 | L18: 14 | N18: 17 | O18: =37500/250 -> 150 | P18: =4000*60/250 -> 960 | Q18: =P18-H18-J18-M18-N18-O18 -> 777 | R18: =Q18-F18-G18-I18-K18-L18 -> 647 | S18: =C18*0.2 -> 335.4 | T18: =(C18-D18-E18)*0.2 -> 325.4 | U18: =R18/Q18 -> 0.83268983 | V18: =(C18-D18-E18)/C18 -> 0.97018485 | W18: =S18/R18 -> 0.51839258 | X18: =U18*V18*W18 -> 0.41879022
A19: 18 | B19: P4 | C19: =Découpe!C19-Découpe!D19-Découpe!E19 -> 1818 | D19: 23 | E19: 40 | F19: 55 | G19: 14 | H19: 10 | I19: 12 | J19: 9 | K19: 33 | L19: 26 | N19: 20 | O19: =37500/250 -> 150 | P19: =4000*60/250 -> 960 | Q19: =P19-H19-J19-M19-N19-O19 -> 771 | R19: =Q19-F19-G19-I19-K19-L19 -> 631 | S19: =C19*0.2 -> 363.6 | T19: =(C19-D19-E19)*0.2 -> 351 | U19: =R19/Q19 -> 0.81841764 | V19: =(C19-D19-E19)/C19 -> 0.96534653 | W19: =S19/R19 -> 0.57622821 | X19: =U19*V19*W19 -> 0.45525292
A20: 19 | B20: P3 | C20: =Découpe!C20-Découpe!D20-Découpe!E20 -> 1807 | D20: 18 | E20: 22 | F20: 53 | G20: 11 | H20: 13 | I20: 14 | J20: 5 | K20: 27 | L20: 16 | N20: 17 | O20: =37500/250 -> 150 | P20: =4000*60/250 -> 960 | Q20: =P20-H20-J20-M20-N20-O20 -> 775 | R20: =Q20-F20-G20-I20-K20-L20 -> 654 | S20: =C20*0.2 -> 361.4 | T20: =(C20-D20-E20)*0.2 -> 353.4 | U20: =R20/Q20 -> 0.84387097 | V20: =(C20-D20-E20)/C20 -> 0.97786386 | W20: =S20/R20 -> 0.55259939 | X20: =U20*V20*W20 -> 0.456
... A27: 26 | B27: P2 | C27: =Découpe!C27-Découpe!D27-Découpe!E27 -> 1741 | D27: 22 | E27: 29 | F27: 64 | G27: 8 | H27: 13 | I27: 16 | J27: 5 | K27: 13 | L27: 32 | N27: 17 | O27: =37500/250 -> 150 | P27: =4000*60/250 -> 960 | Q27: =P27-H27-J27-M27-N27-O27 -> 775 | R27: =Q27-F27-G27-I27-K27-L27 -> 642 | S27: =C27*0.2 -> 348.2 | T27: =(C27-D27-E27)*0.2 -> 338 | U27: =R27/Q27 -> 0.8283871 | V27: =(C27-D27-E27)/C27 -> 0.97070649 | W27: =S27/R27 -> 0.5423676 | X27: =U27*V27*W27 -> 0.43612903
A28: 27 | B28: P4 | C28: =Découpe!C28-Découpe!D28-Découpe!E28 -> 1628 | D28: 25 | E28: 23 | F28: 74 | G28: 14 | H28: 11 | I28: 14 | J28: 8 | K28: 18 | L28: 22 | M28: 60 | N28: 15 | O28: =37500/250 -> 150 | P28: =4000*60/250 -> 960 | Q28: =P28-H28-J28-M28-N28-O28 -> 716 | R28: =Q28-F28-G28-I28-K28-L28 -> 574 | S28: =C28*0.2 -> 325.6 | T28: =(C28-D28-E28)*0.2 -> 316 | U28: =R28/Q28 -> 0.80167598 | V28: =(C28-D28-E28)/C28 -> 0.97051597 | W28: =S28/R28 -> 0.56724739 | X28: =U28*V28*W28 -> 0.44134078
A29: 28 | B29: P4 | C29: =Découpe!C29-Découpe!D29-Découpe!E29 -> 1666 | D29: 18 | E29: 37 | F29: 47 | G29: 9 | H29: 15 | I29: 19 | J29: 6 | L29: 20 | N29: 18 | O29: =37500/250 -> 150 | P29: =4000*60/250 -> 960 | Q29: =P29-H29-J29-M29-N29-O29 -> 771 | R29: =Q29-F29-G29-I29-K29-L29 -> 676 | S29: =C29*0.2 -> 333.2 | T29: =(C29-D29-E29)*0.2 -> 322.2 | U29: =R29/Q29 -> 0.8767834 | V29: =(C29-D29-E29)/C29 -> 0.96698679 | W29: =S29/R29 -> 0.49289941 | X29: =U29*V29*W29 -> 0.41789883
A30: 29 | B30: P3 | C30: =Découpe!C30-Découpe!D30-Découpe!E30 -> 1787 | D30: 28 | E30: 36 | F30: 61 | G30: 19 | H30: 9 | I30: 10 | J30: 8 | K30: 18 | L30: 28 | N30: 15 | O30: =37500/250 -> 150 | P30: =4000*60/250 -> 960 | Q30: =P30-H30-J30-M30-N30-O30 -> 778 | R30: =Q30-F30-G30-I30-K30-L30 -> 642 | S30: =C30*0.2 -> 357.4 | T30: =(C30-D30-E30)*0.2 -> 344.6 | U30: =R30/Q30 -> 0.8251928 | V30: =(C30-D30-E30)/C30 -> 0.96418579 | W30: =S30/R30 -> 0.55669782 | X30: =U30*V30*W30 -> 0.44293059
A31: 30 | B31: P2 | C31: =Découpe!C31-Découpe!D31-Découpe!E31 -> 1787 | D31: 24 | E31: 21 | F31: 70 | G31: 10 | H31: 11 | I31: 15 | J31: 8 | K31: 33 | L31: 18 | N31: 15 | O31: =37500/250 -> 150 | P31: =4000*60/250 -> 960 | Q31: =P31-H31-J31-M31-N31-O31 -> 776 | R31: =Q31-F31-G31-I31-K31-L31 -> 630 | S31: =C31*0.2 -> 357.4 | T31: =(C31-D31-E31)*0.2 -> 348.4 | U31: =R31/Q31 -> 0.81185567 | V31: =(C31-D31-E31)/C31 -> 0.97481813 | W31: =S31/R31 -> 0.56730159 | X31: =U31*V31*W31 -> 0.44896907
A32: 31 | B32: P1 | C32: =Découpe!C32-Découpe!D32-Découpe!E32 -> 1743 | D32: 20 | E32: 23 | F32: 56 | G32: 16 | H32: 14 | I32: 15 | J32: 8 | K32: 37 | L32: 26 | N32: 15 | O32: =37500/250 -> 150 | P32: =4000*60/250 -> 960 | Q32: =P32-H32-J32-M32-N32-O32 -> 773 | R32: =Q32-F32-G32-I32-K32-L32 -> 623 | S32: =C32*0.2 -> 348.6 | T32: =(C32-D32-E32)*0.2 -> 340 | U32: =R32/Q32 -> 0.80595084 | V32: =(C32-D32-E32)/C32 -> 0.97532989 | W32: =S32/R32 -> 0.55955056 | X32: =U32*V32*W32 -> 0.43984476
A33: 32 | B33: P3 | C33: =Découpe!C33-Découpe!D33-Découpe!E33 -> 1671 | D33: 21 | E33: 34 | F33: 65 | G33: 19 | H33: 8 | I33: 11 | J33: 5 | K33: 33 | L33: 25 | N33: 16 | O33: =37500/250 -> 150 | P33: =4000*60/250 -> 960 | Q33: =P33-H33-J33-M33-N33-O33 -> 781 | R33: =Q33-F33-G33-I33-K33-L33 -> 628 | S33: =C33*0.2 -> 334.2 | T33: =(C33-D33-E33)*0.2 -> 323.2 | U33: =R33/Q33 -> 0.80409731 | V33: =(C33-D33-E33)/C33 -> 0.96708558 | W33: =S33/R33 -> 0.53216561 | X33: =U33*V33*W33 -> 0.41382843
A34: 33 | B34: P2 | C34: =Découpe!C34-Découpe!D34-Découpe!E34 -> 1674 | D34: 19 | E34: 31 | F34: 61 | G34: 14 | H34: 11 | I34: 14 | J34: 7 | K34: 45 | L34: 33 | N34: 16 | O34: =37500/250 -> 150 | P34: =4000*60/250 -> 960 | Q34: =P34-H34-J34-M34-N34-O34 -> 776 | R34: =Q34-F34-G34-I34-K34-L34 -> 609 | S34: =C34*0.2 -> 334.8 | T34: =(C34-D34-E34)*0.2 -> 324.8 | U34: =R34/Q34 -> 0.78479381 | V34: =(C34-D34-E34)/C34 -> 0.97013142 | W34: =S34/R34 -> 0.54975369 | X34: =U34*V34*W34 -> 0.4185567
A35: 34 | B35: P2 | C35: =Découpe!C35-Découpe!D35-Découpe!E35 -> 1584 | D35: 20 | E35: 25 | F35: 65 | G35: 9 | H35: 13 | I35: 19 | J35: 7 | L35: 17 | N35: 17 | O35: =37500/250 -> 150 | P35: =4000*60/250 -> 960 | Q35: =P35-H35-J35-M35-N35-O35 -> 773 | R35: =Q35-F35-G35-I35-K35-L35 -> 663 | S35: =C35*0.2 -> 316.8 | T35: =(C35-D35-E35)*0.2 -> 307.8 | U35: =R35/Q35 -> 0.85769728 | V35: =(C35-D35-E35)/C35 -> 0.97159091 | W35: =S35/R35 -> 0.47782805 | X35: =U35*V35*W35 -> 0.39818887
A36: 35 | B36: P4 | C36: =Découpe!C36-Découpe!D36-Découpe!E36 -> 1640 | D36: 17 | E36: 32 | F36: 61 | G36: 7 | H36: 11 | I36: 14 | J36: 5 | K36: 46 | L36: 22 | N36: 16 | O36: =37500/250 -> 150 | P36: =4000*60/250 -> 960 | Q36: =P36-H36-J36-M36-N36-O36 -> 778 | R36: =Q36-F36-G36-I36-K36-L36 -> 628 | S36: =C36*0.2 -> 328 | T36: =(C36-D36-E36)*0.2 -> 318.2 | U36: =R36/Q36 -> 0.80719794 | V36: =(C36-D36-E36)/C36 -> 0.97012195 | W36: =S36/R36 -> 0.52229299 | X36: =U36*V36*W36 -> 0.40899743
A37: 36 | B37: P3 | C37: =Découpe!C37-Découpe!D37-Découpe!E37 -> 1660 | D37: 17 | E37: 30 | F37: 46 | G37: 14 | H37: 6 | I37: 7 | J37: 8 | K37: 11 | L37: 27 | N37: 20 | O37: =37500/250 -> 150 | P37: =4000*60/250 -> 960 | Q37: =P37-H37-J37-M37-N37-O37 -> 776 | R37: =Q37-F37-G37-I37-K37-L37 -> 671 | S37: =C37*0.2 -> 332 | T37: =(C37-D37-E37)*0.2 -> 322.6 | U37: =R37/Q37 -> 0.86469072 | V37: =(C37-D37-E37)/C37 -> 0.97168675 | W37: =S37/R37 -> 0.4947839 | X37: =U37*V37*W37 -> 0.41572165
A38: 37 | B38: P2 | C38: =Découpe!C38-Découpe!D38-Découpe!E38 -> 1628 | D38: 18 | E38: 30 | F38: 54 | G38: 11 | H38: 8 | I38: 12 | J38: 7 | K38: 31 | L38: 15 | N38: 17 | O38: =37500/250 -> 150 | P38: =4000*60/250 -> 960 | Q38: =P38-H38-J38-M38-N38-O38 -> 778 | R38: =Q38-F38-G38-I38-K38-L38 -> 655 | S38: =C38*0.2 -> 325.6 | T38: =(C38-D38-E38)*0.2 -> 316 | U38: =R38/Q38 -> 0.84190231 | V38: =(C38-D38-E38)/C38 -> 0.97051597 | W38: =S38/R38 -> 0.49709924 | X38: =U38*V38*W38 -> 0.40616967
A39: 38 | B39: P1 | C39: =Découpe!C39-Découpe!D39-Découpe!E39 -> 1708 | D39: 21 | E39: 27 | F39: 57 | G39: 7 | H39: 10 | I39: 12 | J39: 9 | K39: 22 | L39: 22 | N39: 15 | O39: =37500/250 -> 150 | P39: =4000*60/250 -> 960 | Q39: =P39-H39-J39-M39-N39-O39 -> 776 | R39: =Q39-F39-G39-I39-K39-L39 -> 656 | S39: =C39*0.2 -> 341.6 | T39: =(C39-D39-E39)*0.2 -> 332 | U39: =R39/Q39 -> 0.84536082 | V39: =(C39-D39-E39)/C39 -> 0.97189696 | W39: =S39/R39 -> 0.52073171 | X39: =U39*V39*W39 -> 0.42783505
A40: 39 | B40: P3 | C40: =Découpe!C40-Découpe!D40-Découpe!E40 -> 1746 | D40: 19 | E40: 35 | F40: 69 | G40: 15 | H40: 6 | I40: 10 | J40: 8 | K40: 33 | L40: 24 | N40: 16 | O40: =37500/250 -> 150 | P40: =4000*60/250 -> 960 | Q40: =P40-H40-J40-M40-N40-O40 -> 780 | R40: =Q40-F40-G40-I40-K40-L40 -> 629 | S40: =C40*0.2 -> 349.2 | T40: =(C40-D40-E40)*0.2 -> 338.4 | U40: =R40/Q40 -> 0.80641026 | V40: =(C40-D40-E40)/C40 -> 0.96907216 | W40: =S40/R40 -> 0.55516693 | X40: =U40*V40*W40 -> 0.43384615
A41: 40 | B41: P2 | C41: =Découpe!C41-Découpe!D41-Découpe!E41 -> 1719 | D41: 23 | E41: 35 | F41: 58 | G41: 14 | H41: 9 | I41: 16 | J41: 9 | K41: 45 | L41: 22 | N41: 17 | O41: =37500/250 -> 150 | P41: =4000*60/250 -> 960 | Q41: =P41-H41-J41-M41-N41-O41 -> 775 | R41: =Q41-F41-G41-I41-K41-L41 -> 620 | S41: =C41*0.2 -> 343.8 | T41: =(C41-D41-E41)*0.2 -> 332.2 | U41: =R41/Q41 -> 0.8 | V41: =(C41-D41-E41)/C41 -> 0.96625945 | W41: =S41/R41 -> 0.55451613 | X41: =U41*V41*W41 -> 0.42864516
A42: 41 | B42: P4 | C42: =Découpe!C42-Découpe!D42-Découpe!E42 -> 1631 | D42: 22 | E42: 19 | F42: 61 | G42: 12 | H42: 7 | I42: 10 | J42: 5 | K42: 46 | L42: 23 | N42: 16 | O42: =37500/250 -> 150 | P42: =4000*60/250 -> 960 | Q42: =P42-H42-J42-M42-N42-O42 -> 782 | R42: =Q42-F42-G42-I42-K42-L42 -> 630 | S42: =C42*0.2 -> 326.2 | T42: =(C42-D42-E42)*0.2 -> 318 | U42: =R42/Q42 -> 0.8056266 | V42: =(C42-D42-E42)/C42 -> 0.97486205 | W42: =S42/R42 -> 0.51777778 | X42: =U42*V42*W42 -> 0.40664962
A43: 42 | B43: P3 | C43: =Découpe!C43-Découpe!D43-Découpe!E43 -> 1539 | D43: 21 | E43: 35 | F43: 55 | G43: 6 | H43: 8 | I43: 12 | J43: 5 | K43: 44 | L43: 21 | N43: 20 | O43: =37500/250 -> 150 | P43: =4000*60/250 -> 960 | Q43: =P43-H43-J43-M43-N43-O43 -> 777 | R43: =Q43-F43-G43-I43-K43-L43 -> 639 | S43: =C43*0.2 -> 307.8 | T43: =(C43-D43-E43)*0.2 -> 296.6 | U43: =R43/Q43 -> 0.82239382 | V43: =(C43-D43-E43)/C43 -> 0.96361274 | W43: =S43/R43 -> 0.48169014 | X43: =U43*V43*W43 -> 0.38172458
A44: 43 | B44: P2 | C44: =Découpe!C44-Découpe!D44-Découpe!E44 -> 1698 | D44: 23 | E44: 28 | F44: 72 | G44: 17 | H44: 8 | I44: 14 | J44: 7 | K44: 43 | L44: 28 | N44: 19 | O44: =37500/250 -> 150 | P44: =4000*60/250 -> 960 | Q44: =P44-H44-J44-M44-N44-O44 -> 776 | R44: =Q44-F44-G44-I44-K44-L44 -> 602 | S44: =C44*0.2 -> 339.6 | T44: =(C44-D44-E44)*0.2 -> 329.4 | U44: =R44/Q44 -> 0.7757732 | V44: =(C44-D44-E44)/C44 -> 0.96996466 | W44: =S44/R44 -> 0.5641196 | X44: =U44*V44*W44 -> 0.42448454
A45: 44 | B45: P1 | C45: =Découpe!C45-Découpe!D45-Découpe!E45 -> 1680 | D45: 21 | E45: 28 | F45: 66 | G45: 13 | H45: 13 | I45: 16 | J45: 8 | K45: 33 | L45: 28 | N45: 18 | O45: =37500/250 -> 150 | P45: =4000*60/250 -> 960 | Q45: =P45-H45-J45-M45-N45-O45 -> 771 | R45: =Q45-F45-G45-I45-K45-L45 -> 615 | S45: =C45*0.2 -> 336 | T45: =(C45-D45-E45)*0.2 -> 326.2 | U45: =R45/Q45 -> 0.79766537 | V45: =(C45-D45-E45)/C45 -> 0.97083333 | W45: =S45/R45 -> 0.54634146 | X45: =U45*V45*W45 -> 0.4230869
A46: 45 | B46: P3 | C46: =Découpe!C46-Découpe!D46-Découpe!E46 -> 1511 | D46: 17 | E46: 37 | F46: 58 | G46: 10 | H46: 14 | I46: 20 | J46: 8 | K46: 21 | L46: 22 | N46: 15 | O46: =37500/250 -> 150 | P46: =4000*60/250 -> 960 | Q46: =P46-H46-J46-M46-N46-O46 -> 773 | R46: =Q46-F46-G46-I46-K46-L46 -> 642 | S46: =C46*0.2 -> 302.2 | T46: =(C46-D46-E46)*0.2 -> 291.4 | U46: =R46/Q46 -> 0.8305304 | V46: =(C46-D46-E46)/C46 -> 0.96426208 | W46: =S46/R46 -> 0.47071651 | X46: =U46*V46*W46 -> 0.37697283
A47: 46 | B47: P2 | C47: =Découpe!C47-Découpe!D47-Découpe!E47 -> 1645 | D47: 17 | E47: 33 | F47: 48 | G47: 8 | H47: 13 | I47: 17 | J47: 7 | K47: 49 | L47: 22 | N47: 15 | O47: =37500/250 -> 150 | P47: =4000*60/250 -> 960 | Q47: =P47-H47-J47-M47-N47-O47 -> 775 | R47: =Q47-F47-G47-I47-K47-L47 -> 631 | S47: =C47*0.2 -> 329 | T47: =(C47-D47-E47)*0.2 -> 319 | U47: =R47/Q47 -> 0.81419355 | V47: =(C47-D47-E47)/C47 -> 0.96960486 | W47: =S47/R47 -> 0.52139461 | X47: =U47*V47*W47 -> 0.4116129
A48: 47 | B48: P2 | C48: =Découpe!C48-Découpe!D48-Découpe!E48 -> 1703 | D48: 18 | E48: 35 | F48: 73 | G48: 11 | H48: 10 | I48: 18 | J48: 9 | L48: 22 | N48: 19 | O48: =37500/250 -> 150 | P48: =4000*60/250 -> 960 | Q48: =P48-H48-J48-M48-N48-O48 -> 772 | R48: =Q48-F48-G48-I48-K48-L48 -> 648 | S48: =C48*0.2 -> 340.6 | T48: =(C48-D48-E48)*0.2 -> 330 | U48: =R48/Q48 -> 0.83937824 | V48: =(C48-D48-E48)/C48 -> 0.96887845 | W48: =S48/R48 -> 0.52561728 | X48: =U48*V48*W48 -> 0.42746114
A49: 48 | B49: P2 | C49: =Découpe!C49-Découpe!D49-Découpe!E49 -> 1642 | D49: 27 | E49: 32 | F49: 66 | G49: 6 | H49: 5 | I49: 7 | J49: 8 | L49: 32 | N49: 19 | O49: =37500/250 -> 150 | P49: =4000*60/250 -> 960 | Q49: =P49-H49-J49-M49-N49-O49 -> 778 | R49: =Q49-F49-G49-I49-K49-L49 -> 667 | S49: =C49*0.2 -> 328.4 | T49: =(C49-D49-E49)*0.2 -> 316.6 | U49: =R49/Q49 -> 0.85732648 | V49: =(C49-D49-E49)/C49 -> 0.96406821 | W49: =S49/R49 -> 0.49235382 | X49: =U49*V49*W49 -> 0.40694087
A50: 49 | B50: P4 | C50: =Découpe!C50-Découpe!D50-Découpe!E50 -> 1538 | D50: 22 | E50: 38 | F50: 63 | G50: 12 | H50: 7 | I50: 13 | J50: 6 | K50: 11 | L50: 25 | N50: 20 | O50: =37500/250 -> 150 | P50: =4000*60/250 -> 960 | Q50: =P50-H50-J50-M50-N50-O50 -> 777 | R50: =Q50-F50-G50-I50-K50-L50 -> 653 | S50: =C50*0.2 -> 307.6 | T50: =(C50-D50-E50)*0.2 -> 295.6 | U50: =R50/Q50 -> 0.84041184 | V50: =(C50-D50-E50)/C50 -> 0.9609883 | W50: =S50/R50 -> 0.47105666 | X50: =U50*V50*W50 -> 0.38043758
A51: 50 | B51: P3 | C51: =Découpe!C51-Découpe!D51-Découpe!E51 -> 1599 | D51: 18 | E51: 24 | F51: 66 | G51: 10 | H51: 15 | I51: 22 | J51: 5 | K51: 14 | L51: 24 | N51: 17 | O51: =37500/250 -> 150 | P51: =4000*60/250 -> 960 | Q51: =P51-H51-J51-M51-N51-O51 -> 773 | R51: =Q51-F51-G51-I51-K51-L51 -> 637 | S51: =C51*0.2 -> 319.8 | T51: =(C51-D51-E51)*0.2 -> 311.4 | U51: =R51/Q51 -> 0.8240621 | V51: =(C51-D51-E51)/C51 -> 0.97373358 | W51: =S51/R51 -> 0.50204082 | X51: =U51*V51*W51 -> 0.40284605
A52: 51 | B52: P2 | C52: =Découpe!C52-Découpe!D52-Découpe!E52 -> 1615 | D52: 25 | E52: 33 | F52: 53 | G52: 17 | H52: 8 | I52: 13 | J52: 8 | K52: 18 | L52: 17 | N52: 18 | O52: =37500/250 -> 150 | P52: =4000*60/250 -> 960 | Q52: =P52-H52-J52-M52-N52-O52 -> 776 | R52: =Q52-F52-G52-I52-K52-L52 -> 658 | S52: =C52*0.2 -> 323 | T52: =(C52-D52-E52)*0.2 -> 311.4 | U52: =R52/Q52 -> 0.84793814 | V52: =(C52-D52-E52)/C52 -> 0.96408669 | W52: =S52/R52 -> 0.49088146 | X52: =U52*V52*W52 -> 0.40128866
A53: 52 | B53: P1 | C53: =Découpe!C53-Découpe!D53-Découpe!E53 -> 1720 | D53: 27 | E53: 37 | F53: 57 | G53: 14 | H53: 7 | I53: 9 | J53: 8 | K53: 46 | L53: 18 | N53: 16 | O53: =37500/250 -> 150 | P53: =4000*60/250 -> 960 | Q53: =P53-H53-J53-M53-N53-O53 -> 779 | R53: =Q53-F53-G53-I53-K53-L53 -> 635 | S53: =C53*0.2 -> 344 | T53: =(C53-D53-E53)*0.2 -> 331.2 | U53: =R53/Q53 -> 0.81514763 | V53: =(C53-D53-E53)/C53 -> 0.9627907 | W53: =S53/R53 -> 0.54173228 | X53: =U53*V53*W53 -> 0.42516046
A54: 53 | B54: P3 | C54: =Découpe!C54-Découpe!D54-Découpe!E54 -> 1485 | D54: 22 | E54: 30 | F54: 79 | G54: 13 | H54: 14 | I54: 20 | J54: 6 | K54: 37 | L54: 26 | N54: 16 | O54: =37500/250 -> 150 | P54: =4000*60/250 -> 960 | Q54: =P54-H54-J54-M54-N54-O54 -> 774 | R54: =Q54-F54-G54-I54-K54-L54 -> 599 | S54: =C54*0.2 -> 297 | T54: =(C54-D54-E54)*0.2 -> 286.6 | U54: =R54/Q54 -> 0.77390181 | V54: =(C54-D54-E54)/C54 -> 0.96498316 | W54: =S54/R54 -> 0.49582638 | X54: =U54*V54*W54 -> 0.37028424
A55: 54 | B55: P2 | C55: =Découpe!C55-Découpe!D55-Découpe!E55 -> 1564 | D55: 22 | E55: 34 | F55: 67 | G55: 14 | H55: 7 | I55: 10 | J55: 7 | K55: 50 | L55: 18 | N55: 18 | O55: =37500/250 -> 150 | P55: =4000*60/250 -> 960 | Q55: =P55-H55-J55-M55-N55-O55 -> 778 | R55: =Q55-F55-G55-I55-K55-L55 -> 619 | S55: =C55*0.2 -> 312.8 | T55: =(C55-D55-E55)*0.2 -> 301.6 | U55: =R55/Q55 -> 0.79562982 | V55: =(C55-D55-E55)/C55 -> 0.96419437 | W55: =S55/R55 -> 0.50533118 | X55: =U55*V55*W55 -> 0.38766067
A56: 55 | B56: P4 | C56: =Découpe!C56-Découpe!D56-Découpe!E56 -> 1562 | D56: 21 | E56: 39 | F56: 52 | G56: 17 | H56: 13 | I56: 20 | J56: 8 | K56: 22 | L56: 16 | N56: 20 | O56: =37500/250 -> 150 | P56: =4000*60/250 -> 960 | Q56: =P56-H56-J56-M56-N56-O56 -> 769 | R56: =Q56-F56-G56-I56-K56-L56 -> 642 | S56: =C56*0.2 -> 312.4 | T56: =(C56-D56-E56)*0.2 -> 300.4 | U56: =R56/Q56 -> 0.83485046 | V56: =(C56-D56-E56)/C56 -> 0.96158771 | W56: =S56/R56 -> 0.48660436 | X56: =U56*V56*W56 -> 0.39063719
A57: 56 | B57: P4 | C57: =Découpe!C57-Découpe!D57-Découpe!E57 -> 1509 | D57: 25 | E57: 24 | F57: 57 | G57: 15 | H57: 15 | I57: 20 | J57: 7 | L57: 23 | N57: 17 | O57: =37500/250 -> 150 | P57: =4000*60/250 -> 960 | Q57: =P57-H57-J57-M57-N57-O57 -> 771 | R57: =Q57-F57-G57-I57-K57-L57 -> 656 | S57: =C57*0.2 -> 301.8 | T57: =(C57-D57-E57)*0.2 -> 292 | U57: =R57/Q57 -> 0.85084306 | V57: =(C57-D57-E57)/C57 -> 0.96752816 | W57: =S57/R57 -> 0.46006098 | X57: =U57*V57*W57 -> 0.37872892
A58: 57 | B58: P4 | C58: =Découpe!C58-Découpe!D58-Découpe!E58 -> 1573 | D58: 23 | E58: 35 | F58: 52 | G58: 15 | H58: 10 | I58: 13 | J58: 8 | L58: 30 | M58: 60 | N58: 15 | O58: =37500/250 -> 150 | P58: =4000*60/250 -> 960 | Q58: =P58-H58-J58-M58-N58-O58 -> 717 | R58: =Q58-F58-G58-I58-K58-L58 -> 607 | S58: =C58*0.2 -> 314.6 | T58: =(C58-D58-E58)*0.2 -> 303 | U58: =R58/Q58 -> 0.84658298 | V58: =(C58-D58-E58)/C58 -> 0.96312778 | W58: =S58/R58 -> 0.51828666 | X58: =U58*V58*W58 -> 0.42259414
A59: 58 | B59: P2 | C59: =Découpe!C59-Découpe!D59-Découpe!E59 -> 1534 | D59: 27 | E59: 35 | F59: 54 | G59: 9 | H59: 5 | I59: 10 | J59: 9 | K59: 28 | L59: 16 | N59: 19 | O59: =37500/250 -> 150 | P59: =4000*60/250 -> 960 | Q59: =P59-H59-J59-M59-N59-O59 -> 777 | R59: =Q59-F59-G59-I59-K59-L59 -> 660 | S59: =C59*0.2 -> 306.8 | T59: =(C59-D59-E59)*0.2 -> 294.4 | U59: =R59/Q59 -> 0.84942085 | V59: =(C59-D59-E59)/C59 -> 0.95958279 | W59: =S59/R59 -> 0.46484848 | X59: =U59*V59*W59 -> 0.37889318
A60: 59 | B60: P2 | C60: =Découpe!C60-Découpe!D60-Découpe!E60 -> 1559 | D60: 22 | E60: 43 | F60: 68 | G60: 16 | H60: 13 | I60: 18 | J60: 5 | L60: 25 | N60: 16 | O60: =37500/250 -> 150 | P60: =4000*60/250 -> 960 | Q60: =P60-H60-J60-M60-N60-O60 -> 776 | R60: =Q60-F60-G60-I60-K60-L60 -> 649 | S60: =C60*0.2 -> 311.8 | T60: =(C60-D60-E60)*0.2 -> 298.8 | U60: =R60/Q60 -> 0.83634021 | V60: =(C60-D60-E60)/C60 -> 0.95830661 | W60: =S60/R60 -> 0.48043143 | X60: =U60*V60*W60 -> 0.38505155
A61: 60 | B61: P4 | C61: =Découpe!C61-Découpe!D61-Découpe!E61 -> 1506 | D61: 23 | E61: 37 | F61: 79 | G61: 10 | H61: 12 | I61: 22 | J61: 9 | K61: 33 | L61: 15 | N61: 19 | O61: =37500/250 -> 150 | P61: =4000*60/250 -> 960 | Q61: =P61-H61-J61-M61-N61-O61 -> 770 | R61: =Q61-F61-G61-I61-K61-L61 -> 611 | S61: =C61*0.2 -> 301.2 | T61: =(C61-D61-E61)*0.2 -> 289.2 | U61: =R61/Q61 -> 0.79350649 | V61: =(C61-D61-E61)/C61 -> 0.96015936 | W61: =S61/R61 -> 0.49296236 | X61: =U61*V61*W61 -> 0.37558442
A62: 61 | B62: P3 | C62: =Découpe!C62-Découpe!D62-Découpe!E62 -> 1645 | D62: 21 | E62: 29 | F62: 62 | G62: 5 | H62: 11 | I62: 21 | J62: 9 | K62: 37 | L62: 26 | N62: 18 | O62: =37500/250 -> 150 | P62: =4000*60/250 -> 960 | Q62: =P62-H62-J62-M62-N62-O62 -> 772 | R62: =Q62-F62-G62-I62-K62-L62 -> 621 | S62: =C62*0.2 -> 329 | T62: =(C62-D62-E62)*0.2 -> 319 | U62: =R62/Q62 -> 0.80440415 | V62: =(C62-D62-E62)/C62 -> 0.96960486 | W62: =S62/R62 -> 0.52979066 | X62: =U62*V62*W62 -> 0.41321244
A63: 62 | B63: P2 | C63: =Découpe!C63-Découpe!D63-Découpe!E63 -> 1554 | D63: 21 | E63: 43 | F63: 53 | G63: 8 | H63: 9 | I63: 11 | J63: 7 | K63: 45 | L63: 24 | N63: 16 | O63: =37500/250 -> 150 | P63: =4000*60/250 -> 960 | Q63: =P63-H63-J63-M63-N63-O63 -> 778 | R63: =Q63-F63-G63-I63-K63-L63 -> 637 | S63: =C63*0.2 -> 310.8 | T63: =(C63-D63-E63)*0.2 -> 298 | U63: =R63/Q63 -> 0.81876607 | V63: =(C63-D63-E63)/C63 -> 0.95881596 | W63: =S63/R63 -> 0.48791209 | X63: =U63*V63*W63 -> 0.38303342
A64: 63 | B64: P2 | C64: =Découpe!C64-Découpe!D64-Découpe!E64 -> 1560 | D64: 14 | E64: 23 | F64: 64 | G64: 17 | H64: 15 | I64: 20 | J64: 9 | L64: 26 | N64: 20 | O64: =37500/250 -> 150 | P64: =4000*60/250 -> 960 | Q64: =P64-H64-J64-M64-N64-O64 -> 766 | R64: =Q64-F64-G64-I64-K64-L64 -> 639 | S64: =C64*0.2 -> 312 | T64: =(C64-D64-E64)*0.2 -> 304.6 | U64: =R64/Q64 -> 0.83420366 | V64: =(C64-D64-E64)/C64 -> 0.97628205 | W64: =S64/R64 -> 0.48826291 | X64: =U64*V64*W64 -> 0.39765013
A65: 64 | B65: P4 | C65: =Découpe!C65-Découpe!D65-Découpe!E65 -> 1596 | D65: 16 | E65: 31 | F65: 80 | G65: 15 | H65: 14 | I65: 22 | J65: 7 | K65: 13 | L65: 29 | N65: 19 | O65: =37500/250 -> 150 | P65: =4000*60/250 -> 960 | Q65: =P65-H65-J65-M65-N65-O65 -> 770 | R65: =Q65-F65-G65-I65-K65-L65 -> 611 | S65: =C65*0.2 -> 319.2 | T65: =(C65-D65-E65)*0.2 -> 309.8 | U65: =R65/Q65 -> 0.79350649 | V65: =(C65-D65-E65)/C65 -> 0.97055138 | W65: =S65/R65 -> 0.52242226 | X65: =U65*V65*W65 -> 0.40233766
A66: 65 | B66: P3 | C66: =Découpe!C66-Découpe!D66-Découpe!E66 -> 1667 | D66: 25 | E66: 31 | F66: 72 | G66: 14 | H66: 6 | I66: 13 | J66: 8 | K66: 12 | L66: 19 | N66: 16 | O66: =37500/250 -> 150 | P66: =4000*60/250 -> 960 | Q66: =P66-H66-J66-M66-N66-O66 -> 780 | R66: =Q66-F66-G66-I66-K66-L66 -> 650 | S66: =C66*0.2 -> 333.4 | T66: =(C66-D66-E66)*0.2 -> 322.2 | U66: =R66/Q66 -> 0.83333333 | V66: =(C66-D66-E66)/C66 -> 0.96640672 | W66: =S66/R66 -> 0.51292308 | X66: =U66*V66*W66 -> 0.41307692
A67: 66 | B67: P2 | C67: =Découpe!C67-Découpe!D67-Découpe!E67 -> 1575 | D67: 21 | E67: 23 | F67: 61 | G67: 14 | H67: 6 | I67: 11 | J67: 5 | K67: 33 | L67: 23 | N67: 15 | O67: =37500/250 -> 150 | P67: =4000*60/250 -> 960 | Q67: =P67-H67-J67-M67-N67-O67 -> 784 | R67: =Q67-F67-G67-I67-K67-L67 -> 642 | S67: =C67*0.2 -> 315 | T67: =(C67-D67-E67)*0.2 -> 306.2 | U67: =R67/Q67 -> 0.81887755 | V67: =(C67-D67-E67)/C67 -> 0.97206349 | W67: =S67/R67 -> 0.49065421 | X67: =U67*V67*W67 -> 0.39056122
A68: 67 | B68: P1 | C68: =Découpe!C68-Découpe!D68-Découpe!E68 -> 1515 | D68: 22 | E68: 37 | F68: 73 | G68: 14 | H68: 15 | I68: 23 | J68: 6 | K68: 28 | L68: 21 | N68: 18 | O68: =37500/250 -> 150 | P68: =4000*60/250 -> 960 | Q68: =P68-H68-J68-M68-N68-O68 -> 771 | R68: =Q68-F68-G68-I68-K68-L68 -> 612 | S68: =C68*0.2 -> 303 | T68: =(C68-D68-E68)*0.2 -> 291.2 | U68: =R68/Q68 -> 0.79377432 | V68: =(C68-D68-E68)/C68 -> 0.96105611 | W68: =S68/R68 -> 0.49509804 | X68: =U68*V68*W68 -> 0.37769131
A69: 68 | B69: P4 | C69: =Découpe!C69-Découpe!D69-Découpe!E69 -> 1441 | D69: 21 | E69: 21 | F69: 62 | G69: 8 | H69: 14 | I69: 20 | J69: 8 | K69: 15 | L69: 26 | N69: 17 | O69: =37500/250 -> 150 | P69: =4000*60/250 -> 960 | Q69: =P69-H69-J69-M69-N69-O69 -> 771 | R69: =Q69-F69-G69-I69-K69-L69 -> 640 | S69: =C69*0.2 -> 288.2 | T69: =(C69-D69-E69)*0.2 -> 279.8 | U69: =R69/Q69 -> 0.83009079 | V69: =(C69-D69-E69)/C69 -> 0.97085357 | W69: =S69/R69 -> 0.4503125 | X69: =U69*V69*W69 -> 0.36290532
A70: 69 | B70: P4 | C70: =Découpe!C70-Découpe!D70-Découpe!E70 -> 1684 | D70: 18 | E70: 22 | F70: 82 | G70: 16 | H70: 9 | I70: 13 | J70: 7 | L70: 18 | N70: 18 | O70: =37500/250 -> 150 | P70: =4000*60/250 -> 960 | Q70: =P70-H70-J70-M70-N70-O70 -> 776 | R70: =Q70-F70-G70-I70-K70-L70 -> 647 | S70: =C70*0.2 -> 336.8 | T70: =(C70-D70-E70)*0.2 -> 328.8 | U70: =R70/Q70 -> 0.83376289 | V70: =(C70-D70-E70)/C70 -> 0.97624703 | W70: =S70/R70 -> 0.52055641 | X70: =U70*V70*W70 -> 0.42371134
A71: 70 | B71: P2 | C71: =Découpe!C71-Découpe!D71-Découpe!E71 -> 1672 | D71: 19 | E71: 28 | F71: 50 | G71: 6 | H71: 14 | I71: 26 | J71: 7 | K71: 44 | L71: 19 | N71: 20 | O71: =37500/250 -> 150 | P71: =4000*60/250 -> 960 | Q71: =P71-H71-J71-M71-N71-O71 -> 769 | R71: =Q71-F71-G71-I71-K71-L71 -> 624 | S71: =C71*0.2 -> 334.4 | T71: =(C71-D71-E71)*0.2 -> 325 | U71: =R71/Q71 -> 0.81144343 | V71: =(C71-D71-E71)/C71 -> 0.97188995 | W71: =S71/R71 -> 0.53589744 | X71: =U71*V71*W71 -> 0.42262679
A72: 71 | B72: P2 | C72: =Découpe!C72-Découpe!D72-Découpe!E72 -> 1580 | D72: 21 | E72: 42 | F72: 70 | G72: 11 | H72: 9 | I72: 16 | J72: 6 | L72: 19 | N72: 19 | O72: =37500/250 -> 150 | P72: =4000*60/250 -> 960 | Q72: =P72-H72-J72-M72-N72-O72 -> 776 | R72: =Q72-F72-G72-I72-K72-L72 -> 660 | S72: =C72*0.2 -> 316 | T72: =(C72-D72-E72)*0.2 -> 303.4 | U72: =R72/Q72 -> 0.85051546 | V72: =(C72-D72-E72)/C72 -> 0.96012658 | W72: =S72/R72 -> 0.47878788 | X72: =U72*V72*W72 -> 0.39097938
A73: 72 | B73: P4 | C73: =Découpe!C73-Découpe!D73-Découpe!E73 -> 1607 | D73: 21 | E73: 33 | F73: 65 | G73: 14 | H73: 14 | I73: 19 | J73: 9 | K73: 49 | L73: 25 | N73: 15 | O73: =37500/250 -> 150 | P73: =4000*60/250 -> 960 | Q73: =P73-H73-J73-M73-N73-O73 -> 772 | R73: =Q73-F73-G73-I73-K73-L73 -> 600 | S73: =C73*0.2 -> 321.4 | T73: =(C73-D73-E73)*0.2 -> 310.6 | U73: =R73/Q73 -> 0.77720207 | V73: =(C73-D73-E73)/C73 -> 0.96639701 | W73: =S73/R73 -> 0.53566667 | X73: =U73*V73*W73 -> 0.40233161
A74: 73 | B74: P1 | C74: =Découpe!C74-Découpe!D74-Découpe!E74 -> 1559 | D74: 20 | E74: 21 | F74: 53 | G74: 18 | H74: 10 | I74: 14 | J74: 5 | K74: 41 | L74: 22 | N74: 19 | O74: =37500/250 -> 150 | P74: =4000*60/250 -> 960 | Q74: =P74-H74-J74-M74-N74-O74 -> 776 | R74: =Q74-F74-G74-I74-K74-L74 -> 628 | S74: =C74*0.2 -> 311.8 | T74: =(C74-D74-E74)*0.2 -> 303.6 | U74: =R74/Q74 -> 0.80927835 | V74: =(C74-D74-E74)/C74 -> 0.97370109 | W74: =S74/R74 -> 0.49649682 | X74: =U74*V74*W74 -> 0.39123711
A75: 74 | B75: P2 | C75: =Découpe!C75-Découpe!D75-Découpe!E75 -> 1602 | D75: 16 | E75: 26 | F75: 75 | G75: 9 | H75: 10 | I75: 21 | J75: 8 | K75: 10 | L75: 20 | N75: 16 | O75: =37500/250 -> 150 | P75: =4000*60/250 -> 960 | Q75: =P75-H75-J75-M75-N75-O75 -> 776 | R75: =Q75-F75-G75-I75-K75-L75 -> 641 | S75: =C75*0.2 -> 320.4 | T75: =(C75-D75-E75)*0.2 -> 312 | U75: =R75/Q75 -> 0.82603093 | V75: =(C75-D75-E75)/C75 -> 0.97378277 | W75: =S75/R75 -> 0.49984399 | X75: =U75*V75*W75 -> 0.40206186
A76: 75 | B76: P2 | C76: =Découpe!C76-Découpe!D76-Découpe!E76 -> 1471 | D76: 17 | E76: 25 | F76: 62 | G76: 17 | H76: 7 | I76: 20 | J76: 8 | L76: 23 | N76: 17 | O76: =37500/250 -> 150 | P76: =4000*60/250 -> 960 | Q76: =P76-H76-J76-M76-N76-O76 -> 778 | R76: =Q76-F76-G76-I76-K76-L76 -> 656 | S76: =C76*0.2 -> 294.2 | T76: =(C76-D76-E76)*0.2 -> 285.8 | U76: =R76/Q76 -> 0.84318766 | V76: =(C76-D76-E76)/C76 -> 0.97144799 | W76: =S76/R76 -> 0.44847561 | X76: =U76*V76*W76 -> 0.36735219
A77: 76 | B77: P4 | C77: =Découpe!C77-Découpe!D77-Découpe!E77 -> 1536 | D77: 19 | E77: 25 | F77: 68 | G77: 16 | H77: 12 | I77: 18 | J77: 7 | K77: 10 | L77: 30 | N77: 15 | O77: =37500/250 -> 150 | P77: =4000*60/250 -> 960 | Q77: =P77-H77-J77-M77-N77-O77 -> 776 | R77: =Q77-F77-G77-I77-K77-L77 -> 634 | S77: =C77*0.2 -> 307.2 | T77: =(C77-D77-E77)*0.2 -> 298.4 | U77: =R77/Q77 -> 0.81701031 | V77: =(C77-D77-E77)/C77 -> 0.97135417 | W77: =S77/R77 -> 0.48454259 | X77: =U77*V77*W77 -> 0.38453608
A78: 77 | B78: P1 | C78: =Découpe!C78-Découpe!D78-Découpe!E78 -> 1514 | D78: 29 | E78: 35 | F78: 79 | G78: 11 | H78: 5 | I78: 8 | J78: 8 | K78: 45 | L78: 30 | N78: 16 | O78: =37500/250 -> 150 | P78: =4000*60/250 -> 960 | Q78: =P78-H78-J78-M78-N78-O78 -> 781 | R78: =Q78-F78-G78-I78-K78-L78 -> 608 | S78: =C78*0.2 -> 302.8 | T78: =(C78-D78-E78)*0.2 -> 290 | U78: =R78/Q78 -> 0.77848912 | V78: =(C78-D78-E78)/C78 -> 0.95772787 | W78: =S78/R78 -> 0.49802632 | X78: =U78*V78*W78 -> 0.37131882
A79: 78 | B79: P3 | C79: =Découpe!C79-Découpe!D79-Découpe!E79 -> 1420 | D79: 19 | E79: 36 | F79: 92 | G79: 17 | H79: 13 | I79: 23 | J79: 6 | K79: 26 | L79: 27 | N79: 17 | O79: =37500/250 -> 150 | P79: =4000*60/250 -> 960 | Q79: =P79-H79-J79-M79-N79-O79 -> 774 | R79: =Q79-F79-G79-I79-K79-L79 -> 589 | S79: =C79*0.2 -> 284 | T79: =(C79-D79-E79)*0.2 -> 273 | U79: =R79/Q79 -> 0.76098191 | V79: =(C79-D79-E79)/C79 -> 0.96126761 | W79: =S79/R79 -> 0.48217317 | X79: =U79*V79*W79 -> 0.35271318
A80: 79 | B80: P2 | C80: =Découpe!C80-Découpe!D80-Découpe!E80 -> 1443 | D80: 19 | E80: 44 | F80: 69 | G80: 15 | H80: 11 | I80: 22 | J80: 8 | K80: 22 | L80: 19 | N80: 20 | O80: =37500/250 -> 150 | P80: =4000*60/250 -> 960 | Q80: =P80-H80-J80-M80-N80-O80 -> 771 | R80: =Q80-F80-G80-I80-K80-L80 -> 624 | S80: =C80*0.2 -> 288.6 | T80: =(C80-D80-E80)*0.2 -> 276 | U80: =R80/Q80 -> 0.80933852 | V80: =(C80-D80-E80)/C80 -> 0.95634096 | W80: =S80/R80 -> 0.4625 | X80: =U80*V80*W80 -> 0.35797665
A81: 80 | B81: P2 | C81: =Découpe!C81-Découpe!D81-Découpe!E81 -> 1499 | D81: 29 | E81: 17 | F81: 66 | G81: 12 | H81: 12 | I81: 24 | J81: 6 | L81: 28 | N81: 15 | O81: =37500/250 -> 150 | P81: =4000*60/250 -> 960 | Q81: =P81-H81-J81-M81-N81-O81 -> 777 | R81: =Q81-F81-G81-I81-K81-L81 -> 647 | S81: =C81*0.2 -> 299.8 | T81: =(C81-D81-E81)*0.2 -> 290.6 | U81: =R81/Q81 -> 0.83268983 | V81: =(C81-D81-E81)/C81 -> 0.96931288 | W81: =S81/R81 -> 0.4633694 | X81: =U81*V81*W81 -> 0.37400257
A82: 81 | B82: P2 | C82: =Découpe!C82-Découpe!D82-Découpe!E82 -> 1586 | D82: 21 | E82: 25 | F82: 68 | G82: 14 | H82: 8 | I82: 22 | J82: 8 | L82: 22 | N82: 18 | O82: =37500/250 -> 150 | P82: =4000*60/250 -> 960 | Q82: =P82-H82-J82-M82-N82-O82 -> 776 | R82: =Q82-F82-G82-I82-K82-L82 -> 650 | S82: =C82*0.2 -> 317.2 | T82: =(C82-D82-E82)*0.2 -> 308 | U82: =R82/Q82 -> 0.83762887 | V82: =(C82-D82-E82)/C82 -> 0.97099622 | W82: =S82/R82 -> 0.488 | X82: =U82*V82*W82 -> 0.39690722
A83: 82 | B83: P4 | C83: =Découpe!C83-Découpe!D83-Découpe!E83 -> 1512 | D83: 23 | E83: 25 | F83: 75 | G83: 8 | H83: 9 | I83: 23 | J83: 8 | K83: 11 | L83: 19 | N83: 20 | O83: =37500/250 -> 150 | P83: =4000*60/250 -> 960 | Q83: =P83-H83-J83-M83-N83-O83 -> 773 | R83: =Q83-F83-G83-I83-K83-L83 -> 637 | S83: =C83*0.2 -> 302.4 | T83: =(C83-D83-E83)*0.2 -> 292.8 | U83: =R83/Q83 -> 0.8240621 | V83: =(C83-D83-E83)/C83 -> 0.96825397 | W83: =S83/R83 -> 0.47472527 | X83: =U83*V83*W83 -> 0.37878396
A84: 83 | B84: P3 | C84: =Découpe!C84-Découpe!D84-Découpe!E84 -> 1565 | D84: 22 | E84: 25 | F84: 74 | G84: 11 | H84: 13 | I84: 21 | J84: 5 | K84: 21 | L84: 24 | N84: 18 | O84: =37500/250 -> 150 | P84: =4000*60/250 -> 960 | Q84: =P84-H84-J84-M84-N84-O84 -> 774 | R84: =Q84-F84-G84-I84-K84-L84 -> 623 | S84: =C84*0.2 -> 313 | T84: =(C84-D84-E84)*0.2 -> 303.6 | U84: =R84/Q84 -> 0.80490956 | V84: =(C84-D84-E84)/C84 -> 0.96996805 | W84: =S84/R84 -> 0.5024077 | X84: =U84*V84*W84 -> 0.39224806
A85: 84 | B85: P2 | C85: =Découpe!C85-Découpe!D85-Découpe!E85 -> 1466 | D85: 20 | E85: 28 | F85: 67 | G85: 13 | H85: 10 | I85: 15 | J85: 8 | K85: 14 | L85: 20 | N85: 20 | O85: =37500/250 -> 150 | P85: =4000*60/250 -> 960 | Q85: =P85-H85-J85-M85-N85-O85 -> 772 | R85: =Q85-F85-G85-I85-K85-L85 -> 643 | S85: =C85*0.2 -> 293.2 | T85: =(C85-D85-E85)*0.2 -> 283.6 | U85: =R85/Q85 -> 0.83290155 | V85: =(C85-D85-E85)/C85 -> 0.96725784 | W85: =S85/R85 -> 0.45598756 | X85: =U85*V85*W85 -> 0.36735751
A86: 85 | B86: P1 | C86: =Découpe!C86-Découpe!D86-Découpe!E86 -> 1483 | D86: 21 | E86: 21 | F86: 76 | G86: 11 | H86: 13 | I86: 26 | J86: 9 | K86: 27 | L86: 16 | N86: 19 | O86: =37500/250 -> 150 | P86: =4000*60/250 -> 960 | Q86: =P86-H86-J86-M86-N86-O86 -> 769 | R86: =Q86-F86-G86-I86-K86-L86 -> 613 | S86: =C86*0.2 -> 296.6 | T86: =(C86-D86-E86)*0.2 -> 288.2 | U86: =R86/Q86 -> 0.79713914 | V86: =(C86-D86-E86)/C86 -> 0.97167903 | W86: =S86/R86 -> 0.48384992 | X86: =U86*V86*W86 -> 0.37477243
A87: 86 | B87: P4 | C87: =Découpe!C87-Découpe!D87-Découpe!E87 -> 1515 | D87: 15 | E87: 23 | F87: 92 | G87: 16 | H87: 11 | I87: 23 | J87: 9 | K87: 36 | L87: 19 | N87: 17 | O87: =37500/250 -> 150 | P87: =4000*60/250 -> 960 | Q87: =P87-H87-J87-M87-N87-O87 -> 773 | R87: =Q87-F87-G87-I87-K87-L87 -> 587 | S87: =C87*0.2 -> 303 | T87: =(C87-D87-E87)*0.2 -> 295.4 | U87: =R87/Q87 -> 0.75937904 | V87: =(C87-D87-E87)/C87 -> 0.97491749 | W87: =S87/R87 -> 0.51618399 | X87: =U87*V87*W87 -> 0.38214748
A88: 87 | B88: P2 | C88: =Découpe!C88-Découpe!D88-Découpe!E88 -> 1521 | D88: 19 | E88: 20 | F88: 84 | G88: 19 | H88: 7 | I88: 12 | J88: 5 | K88: 47 | L88: 25 | N88: 20 | O88: =37500/250 -> 150 | P88: =4000*60/250 -> 960 | Q88: =P88-H88-J88-M88-N88-O88 -> 778 | R88: =Q88-F88-G88-I88-K88-L88 -> 591 | S88: =C88*0.2 -> 304.2 | T88: =(C88-D88-E88)*0.2 -> 296.4 | U88: =R88/Q88 -> 0.7596401 | V88: =(C88-D88-E88)/C88 -> 0.97435897 | W88: =S88/R88 -> 0.51472081 | X88: =U88*V88*W88 -> 0.38097686
A89: 88 | B89: P2 | C89: =Découpe!C89-Découpe!D89-Découpe!E89 -> 1551 | D89: 26 | E89: 25 | F89: 82 | G89: 16 | H89: 8 | I89: 16 | J89: 8 | L89: 16 | N89: 16 | O89: =37500/250 -> 150 | P89: =4000*60/250 -> 960 | Q89: =P89-H89-J89-M89-N89-O89 -> 778 | R89: =Q89-F89-G89-I89-K89-L89 -> 648 | S89: =C89*0.2 -> 310.2 | T89: =(C89-D89-E89)*0.2 -> 300 | U89: =R89/Q89 -> 0.83290488 | V89: =(C89-D89-E89)/C89 -> 0.96711799 | W89: =S89/R89 -> 0.4787037 | X89: =U89*V89*W89 -> 0.38560411
A90: 89 | B90: P4 | C90: =Découpe!C90-Découpe!D90-Découpe!E90 -> 1377 | D90: 22 | E90: 27 | F90: 65 | G90: 9 | H90: 6 | I90: 16 | J90: 5 | K90: 40 | L90: 28 | N90: 16 | O90: =37500/250 -> 150 | P90: =4000*60/250 -> 960 | Q90: =P90-H90-J90-M90-N90-O90 -> 783 | R90: =Q90-F90-G90-I90-K90-L90 -> 625 | S90: =C90*0.2 -> 275.4 | T90: =(C90-D90-E90)*0.2 -> 265.6 | U90: =R90/Q90 -> 0.79821201 | V90: =(C90-D90-E90)/C90 -> 0.9644154 | W90: =S90/R90 -> 0.44064 | X90: =U90*V90*W90 -> 0.33920817
A91: 90 | B91: P4 | C91: =Découpe!C91-Découpe!D91-Découpe!E91 -> 1403 | D91: 19 | E91: 37 | F91: 63 | G91: 12 | H91: 9 | I91: 16 | J91: 9 | L91: 24 | N91: 16 | O91: =37500/250 -> 150 | P91: =4000*60/250 -> 960 | Q91: =P91-H91-J91-M91-N91-O91 -> 776 | R91: =Q91-F91-G91-I91-K91-L91 -> 661 | S91: =C91*0.2 -> 280.6 | T91: =(C91-D91-E91)*0.2 -> 269.4 | U91: =R91/Q91 -> 0.85180412 | V91: =(C91-D91-E91)/C91 -> 0.96008553 | W91: =S91/R91 -> 0.42450832 | X91: =U91*V91*W91 -> 0.34716495
A92: 91 | B92: P4 | C92: =Découpe!C92-Découpe!D92-Découpe!E92 -> 1568 | D92: 18 | E92: 28 | F92: 71 | G92: 12 | H92: 13 | I92: 18 | J92: 5 | L92: 17 | N92: 18 | O92: =37500/250 -> 150 | P92: =4000*60/250 -> 960 | Q92: =P92-H92-J92-M92-N92-O92 -> 774 | R92: =Q92-F92-G92-I92-K92-L92 -> 656 | S92: =C92*0.2 -> 313.6 | T92: =(C92-D92-E92)*0.2 -> 304.4 | U92: =R92/Q92 -> 0.84754522 | V92: =(C92-D92-E92)/C92 -> 0.97066327 | W92: =S92/R92 -> 0.47804878 | X92: =U92*V92*W92 -> 0.39328165
A93: 92 | B93: P2 | C93: =Découpe!C93-Découpe!D93-Découpe!E93 -> 1393 | D93: 19 | E93: 38 | F93: 82 | G93: 8 | H93: 8 | I93: 22 | J93: 7 | K93: 37 | L93: 24 | N93: 18 | O93: =37500/250 -> 150 | P93: =4000*60/250 -> 960 | Q93: =P93-H93-J93-M93-N93-O93 -> 777 | R93: =Q93-F93-G93-I93-K93-L93 -> 604 | S93: =C93*0.2 -> 278.6 | T93: =(C93-D93-E93)*0.2 -> 267.2 | U93: =R93/Q93 -> 0.77734878 | V93: =(C93-D93-E93)/C93 -> 0.95908112 | W93: =S93/R93 -> 0.46125828 | X93: =U93*V93*W93 -> 0.34388674
A94: 93 | B94: P2 | C94: =Découpe!C94-Découpe!D94-Découpe!E94 -> 1560 | D94: 18 | E94: 27 | F94: 74 | G94: 14 | H94: 10 | I94: 13 | J94: 5 | L94: 31 | N94: 15 | O94: =37500/250 -> 150 | P94: =4000*60/250 -> 960 | Q94: =P94-H94-J94-M94-N94-O94 -> 780 | R94: =Q94-F94-G94-I94-K94-L94 -> 648 | S94: =C94*0.2 -> 312 | T94: =(C94-D94-E94)*0.2 -> 303 | U94: =R94/Q94 -> 0.83076923 | V94: =(C94-D94-E94)/C94 -> 0.97115385 | W94: =S94/R94 -> 0.48148148 | X94: =U94*V94*W94 -> 0.38846154
A95: 94 | B95: P4 | C95: =Découpe!C95-Découpe!D95-Découpe!E95 -> 1544 | D95: 26 | E95: 25 | F95: 65 | G95: 15 | H95: 12 | I95: 17 | J95: 9 | K95: 22 | L95: 28 | N95: 19 | O95: =37500/250 -> 150 | P95: =4000*60/250 -> 960 | Q95: =P95-H95-J95-M95-N95-O95 -> 770 | R95: =Q95-F95-G95-I95-K95-L95 -> 623 | S95: =C95*0.2 -> 308.8 | T95: =(C95-D95-E95)*0.2 -> 298.6 | U95: =R95/Q95 -> 0.80909091 | V95: =(C95-D95-E95)/C95 -> 0.96696891 | W95: =S95/R95 -> 0.49566613 | X95: =U95*V95*W95 -> 0.38779221
A96: 95 | B96: P4 | C96: =Découpe!C96-Découpe!D96-Découpe!E96 -> 1417 | D96: 15 | E96: 40 | F96: 75 | G96: 11 | H96: 9 | I96: 18 | J96: 7 | L96: 30 | N96: 15 | O96: =37500/250 -> 150 | P96: =4000*60/250 -> 960 | Q96: =P96-H96-J96-M96-N96-O96 -> 779 | R96: =Q96-F96-G96-I96-K96-L96 -> 645 | S96: =C96*0.2 -> 283.4 | T96: =(C96-D96-E96)*0.2 -> 272.4 | U96: =R96/Q96 -> 0.8279846 | V96: =(C96-D96-E96)/C96 -> 0.9611856 | W96: =S96/R96 -> 0.43937984 | X96: =U96*V96*W96 -> 0.34967908
A97: 96 | B97: P1 | C97: =Découpe!C97-Découpe!D97-Découpe!E97 -> 1429 | D97: 20 | E97: 20 | F97: 79 | G97: 15 | H97: 8 | I97: 15 | J97: 8 | K97: 29 | L97: 31 | N97: 15 | O97: =37500/250 -> 150 | P97: =4000*60/250 -> 960 | Q97: =P97-H97-J97-M97-N97-O97 -> 779 | R97: =Q97-F97-G97-I97-K97-L97 -> 610 | S97: =C97*0.2 -> 285.8 | T97: =(C97-D97-E97)*0.2 -> 277.8 | U97: =R97/Q97 -> 0.7830552 | V97: =(C97-D97-E97)/C97 -> 0.9720084 | W97: =S97/R97 -> 0.46852459 | X97: =U97*V97*W97 -> 0.35661104
A98: 97 | B98: P2 | C98: =Découpe!C98-Découpe!D98-Découpe!E98 -> 1401 | D98: 18 | E98: 26 | F98: 47 | G98: 16 | H98: 11 | I98: 28 | J98: 5 | K98: 25 | L98: 28 | M98: 200 | N98: 19 | O98: =37500/250 -> 150 | P98: =4000*60/250 -> 960 | Q98: =P98-H98-J98-M98-N98-O98 -> 575 | R98: =Q98-F98-G98-I98-K98-L98 -> 431 | S98: =C98*0.2 -> 280.2 | T98: =(C98-D98-E98)*0.2 -> 271.4 | U98: =R98/Q98 -> 0.74956522 | V98: =(C98-D98-E98)/C98 -> 0.96859386 | W98: =S98/R98 -> 0.65011601 | X98: =U98*V98*W98 -> 0.472
A99: 98 | B99: P2 | C99: =Découpe!C99-Découpe!D99-Découpe!E99 -> 1467 | D99: 16 | E99: 27 | F99: 48 | G99: 9 | H99: 8 | I99: 11 | J99: 9 | L99: 21 | N99: 18 | O99: =37500/250 -> 150 | P99: =4000*60/250 -> 960 | Q99: =P99-H99-J99-M99-N99-O99 -> 775 | R99: =Q99-F99-G99-I99-K99-L99 -> 686 | S99: =C99*0.2 -> 293.4 | T99: =(C99-D99-E99)*0.2 -> 284.8 | U99: =R99/Q99 -> 0.88516129 | V99: =(C99-D99-E99)/C99 -> 0.97068848 | W99: =S99/R99 -> 0.42769679 | X99: =U99*V99*W99 -> 0.36748387
A100: 99 | B100: P4 | C100: =Découpe!C100-Découpe!D100-Découpe!E100 -> 1398 | D100: 27 | E100: 32 | F100: 52 | G100: 13 | H100: 5 | I100: 10 | J100: 9 | K100: 10 | L100: 22 | N100: 16 | O100: =37500/250 -> 150 | P100: =4000*60/250 -> 960 | Q100: =P100-H100-J100-M100-N100-O100 -> 780 | R100: =Q100-F100-G100-I100-K100-L100 -> 673 | S100: =C100*0.2 -> 279.6 | T100: =(C100-D100-E100)*0.2 -> 267.8 | U100: =R100/Q100 -> 0.86282051 | V100: =(C100-D100-E100)/C100 -> 0.95779685 | W100: =S100/R100 -> 0.41545319 | X100: =U100*V100*W100 -> 0.34333333
A101: 100 | B101: P1 | C101: =Découpe!C101-Découpe!D101-Découpe!E101 -> 1371 | D101: 19 | E101: 40 | F101: 53 | G101: 12 | H101: 9 | I101: 27 | J101: 9 | K101: 11 | L101: 32 | N101: 20 | O101: =37500/250 -> 150 | P101: =4000*60/250 -> 960 | Q101: =P101-H101-J101-M101-N101-O101 -> 772 | R101: =Q101-F101-G101-I101-K101-L101 -> 637 | S101: =C101*0.2 -> 274.2 | T101: =(C101-D101-E101)*0.2 -> 262.4 | U101: =R101/Q101 -> 0.82512953 | V101: =(C101-D101-E101)/C101 -> 0.95696572 | W101: =S101/R101 -> 0.43045526 | X101: =U101*V101*W101 -> 0.33989637
A102: 101 | B102: P3 | C102: =Découpe!C102-Découpe!D102-Découpe!E102 -> 1434 | D102: 20 | E102: 22 | F102: 39 | G102: 11 | H102: 15 | I102: 27 | J102: 5 | K102: 17 | L102: 21 | N102: 17 | O102: =37500/250 -> 150 | P102: =4000*60/250 -> 960 | Q102: =P102-H102-J102-M102-N102-O102 -> 773 | R102: =Q102-F102-G102-I102-K102-L102 -> 658 | S102: =C102*0.2 -> 286.8 | T102: =(C102-D102-E102)*0.2 -> 278.4 | U102: =R102/Q102 -> 0.85122898 | V102: =(C102-D102-E102)/C102 -> 0.9707113 | W102: =S102/R102 -> 0.43586626 | X102: =U102*V102*W102 -> 0.36015524
A103: 102 | B103: P2 | C103: =Découpe!C103-Découpe!D103-Découpe!E103 -> 1547 | D103: 23 | E103: 35 | F103: 28 | G103: 7 | H103: 7 | I103: 15 | J103: 5 | K103: 45 | L103: 15 | N103: 17 | O103: =37500/250 -> 150 | P103: =4000*60/250 -> 960 | Q103: =P103-H103-J103-M103-N103-O103 -> 781 | R103: =Q103-F103-G103-I103-K103-L103 -> 671 | S103: =C103*0.2 -> 309.4 | T103: =(C103-D103-E103)*0.2 -> 297.8 | U103: =R103/Q103 -> 0.85915493 | V103: =(C103-D103-E103)/C103 -> 0.96250808 | W103: =S103/R103 -> 0.46110283 | X103: =U103*V103*W103 -> 0.38130602
A104: 103 | B104: P2 | C104: =Découpe!C104-Découpe!D104-Découpe!E104 -> 1353 | D104: 21 | E104: 37 | F104: 38 | G104: 8 | H104: 6 | I104: 22 | J104: 7 | L104: 24 | N104: 19 | O104: =37500/250 -> 150 | P104: =4000*60/250 -> 960 | Q104: =P104-H104-J104-M104-N104-O104 -> 778 | R104: =Q104-F104-G104-I104-K104-L104 -> 686 | S104: =C104*0.2 -> 270.6 | T104: =(C104-D104-E104)*0.2 -> 259 | U104: =R104/Q104 -> 0.88174807 | V104: =(C104-D104-E104)/C104 -> 0.9571323 | W104: =S104/R104 -> 0.39446064 | X104: =U104*V104*W104 -> 0.33290488
A105: 104 | B105: P2 | C105: =Découpe!C105-Découpe!D105-Découpe!E105 -> 1532 | D105: 24 | E105: 24 | F105: 43 | G105: 15 | H105: 10 | I105: 28 | J105: 5 | L105: 20 | N105: 16 | O105: =37500/250 -> 150 | P105: =4000*60/250 -> 960 | Q105: =P105-H105-J105-M105-N105-O105 -> 779 | R105: =Q105-F105-G105-I105-K105-L105 -> 673 | S105: =C105*0.2 -> 306.4 | T105: =(C105-D105-E105)*0.2 -> 296.8 | U105: =R105/Q105 -> 0.86392811 | V105: =(C105-D105-E105)/C105 -> 0.96866841 | W105: =S105/R105 -> 0.45527489 | X105: =U105*V105*W105 -> 0.38100128
A106: 105 | B106: P4 | C106: =Découpe!C106-Découpe!D106-Découpe!E106 -> 1488 | D106: 22 | E106: 33 | F106: 58 | G106: 15 | H106: 15 | I106: 23 | J106: 8 | K106: 28 | L106: 21 | N106: 18 | O106: =37500/250 -> 150 | P106: =4000*60/250 -> 960 | Q106: =P106-H106-J106-M106-N106-O106 -> 769 | R106: =Q106-F106-G106-I106-K106-L106 -> 624 | S106: =C106*0.2 -> 297.6 | T106: =(C106-D106-E106)*0.2 -> 286.6 | U106: =R106/Q106 -> 0.81144343 | V106: =(C106-D106-E106)/C106 -> 0.96303763 | W106: =S106/R106 -> 0.47692308 | X106: =U106*V106*W106 -> 0.37269181
...

Sheet Peinture
A1: Journée | B1: Produit | C1: Quantité | D1: Rejet-Démarage | E1: Rejet qualité | F1: Panne | G1: Arrêts mineurs | H1: Nettoyage | I1: Réglage dérive machine | J1: Inspection machine | K1: changement d'outil | L1: Déplacement/Manutention | M1: Remplacement préventif | N1: Lubrification | O1: pause | P1: TO | Q1: TR | R1: tfb | S1: tn | T1: tu | U1: TD | V1: TQ | W1: TP | X1: TRS
A2: 1 | B2: P1 | C2: =Usinage!C2-Usinage!D2-Usinage!E2 -> 1750 | D2: 59 | E2: 150 | F2: 36 | G2: 24 | H2: 5 | I2: 18 | J2: 21 | L2: 115 | N2: 6 | O2: =37500/250 -> 150 | P2: =4000*60/250 -> 960 | Q2: =P2-H2-J2-M2-N2-O2 -> 778 | R2: =Q2-F2-G2-I2-K2-L2 -> 585 | S2: =C2*0.264 -> 462 | T2: =(C2-D2-E2)*0.264 -> 406.824 | U2: =R2/Q2 -> 0.75192802 | V2: =(C2-D2-E2)/C2 -> 0.88057143 | W2: =S2/R2 -> 0.78974359 | X2: =U2*V2*W2 -> 0.52291003
A3: 2 | B3: P3 | C3: =Usinage!C3-Usinage!D3-Usinage!E3 -> 1656 | D3: 56 | E3: 144 | F3: 45 | G3: 18 | H3: 10 | I3: 16 | J3: 23 | L3: 136 | N3: 9 | O3: =37500/250 -> 150 | P3: =4000*60/250 -> 960 | Q3: =P3-H3-J3-M3-N3-O3 -> 768 | R3: =Q3-F3-G3-I3-K3-L3 -> 553 | S3: =C3*0.264 -> 437.184 | T3: =(C3-D3-E3)*0.264 -> 384.384 | U3: =R3/Q3 -> 0.72005208 | V3: =(C3-D3-E3)/C3 -> 0.87922705 | W3: =S3/R3 -> 0.79056781 | X3: =U3*V3*W3 -> 0.5005
A4: 3 | B4: P2 | C4: =Usinage!C4-Usinage!D4-Usinage!E4 -> 1638 | D4: 59 | E4: 156 | G4: 41 | H4: 5 | I4: 15 | J4: 23 | L4: 126 | N4: 9 | O4: =37500/250 -> 150 | P4: =4000*60/250 -> 960 | Q4: =P4-H4-J4-M4-N4-O4 -> 773 | R4: =Q4-F4-G4-I4-K4-L4 -> 591 | S4: =C4*0.264 -> 432.432 | T4: =(C4-D4-E4)*0.264 -> 375.672 | U4: =R4/Q4 -> 0.76455369 | V4: =(C4-D4-E4)/C4 -> 0.86874237 | W4: =S4/R4 -> 0.73169543 | X4: =U4*V4*W4 -> 0.48599224
A5: 4 | B5: P4 | C5: =Usinage!C5-Usinage!D5-Usinage!E5 -> 1720 | D5: 47 | E5: 182 | G5: 38 | H5: 5 | I5: 18 | J5: 20 | L5: 106 | O5: =37500/250 -> 150 | P5: =4000*60/250 -> 960 | Q5: =P5-H5-J5-M5-N5-O5 -> 785 | R5: =Q5-F5-G5-I5-K5-L5 -> 623 | S5: =C5*0.264 -> 454.08 | T5: =(C5-D5-E5)*0.264 -> 393.624 | U5: =R5/Q5 -> 0.79363057 | V5: =(C5-D5-E5)/C5 -> 0.86686047 | W5: =S5/R5 -> 0.72886035 | X5: =U5*V5*W5 -> 0.50143185
A6: 5 | B6: P1 | C6: =Usinage!C6-Usinage!D6-Usinage!E6 -> 1626 | D6: 43 | E6: 185 | G6: 33 | H6: 6 | I6: 19 | J6: 24 | L6: 111 | O6: =37500/250 -> 150 | P6: =4000*60/250 -> 960 | Q6: =P6-H6-J6-M6-N6-O6 -> 780 | R6: =Q6-F6-G6-I6-K6-L6 -> 617 | S6: =C6*0.264 -> 429.264 | T6: =(C6-D6-E6)*0.264 -> 369.072 | U6: =R6/Q6 -> 0.79102564 | V6: =(C6-D6-E6)/C6 -> 0.8597786 | W6: =S6/R6 -> 0.69572771 | X6: =U6*V6*W6 -> 0.47316923
A7: 6 | B7: P2 | C7: =Usinage!C7-Usinage!D7-Usinage!E7 -> 1765 | D7: 52 | E7: 198 | G7: 36 | H7: 6 | I7: 22 | J7: 24 | L7: 122 | O7: =37500/250 -> 150 | P7: =4000*60/250 -> 960 | Q7: =P7-H7-J7-M7-N7-O7 -> 780 | R7: =Q7-F7-G7-I7-K7-L7 -> 600 | S7: =C7*0.264 -> 465.96 | T7: =(C7-D7-E7)*0.264 -> 399.96 | U7: =R7/Q7 -> 0.76923077 | V7: =(C7-D7-E7)/C7 -> 0.85835694 | W7: =S7/R7 -> 0.7766 | X7: =U7*V7*W7 -> 0.51276923
A8: 7 | B8: P2 | C8: =Usinage!C8-Usinage!D8-Usinage!E8 -> 1781 | D8: 56 | E8: 161 | G8: 44 | H8: 8 | I8: 16 | J8: 25 | L8: 125 | O8: =37500/250 -> 150 | P8: =4000*60/250 -> 960 | Q8: =P8-H8-J8-M8-N8-O8 -> 777 | R8: =Q8-F8-G8-I8-K8-L8 -> 592 | S8: =C8*0.264 -> 470.184 | T8: =(C8-D8-E8)*0.264 -> 412.896 | U8: =R8/Q8 -> 0.76190476 | V8: =(C8-D8-E8)/C8 -> 0.87815834 | W8: =S8/R8 -> 0.79422973 | X8: =U8*V8*W8 -> 0.53139768
A9: 8 | B9: P4 | C9: =Usinage!C9-Usinage!D9-Usinage!E9 -> 1783 | D9: 53 | E9: 161 | G9: 31 | H9: 8 | I9: 25 | J9: 22 | L9: 112 | O9: =37500/250 -> 150 | P9: =4000*60/250 -> 960 | Q9: =P9-H9-J9-M9-N9-O9 -> 780 | R9: =Q9-F9-G9-I9-K9-L9 -> 612 | S9: =C9*0.264 -> 470.712 | T9: =(C9-D9-E9)*0.264 -> 414.216 | U9: =R9/Q9 -> 0.78461538 | V9: =(C9-D9-E9)/C9 -> 0.87997757 | W9: =S9/R9 -> 0.76913725 | X9: =U9*V9*W9 -> 0.53104615
A10: 9 | B10: P1 | C10: =Usinage!C10-Usinage!D10-Usinage!E10 -> 1658 | D10: 44 | E10: 175 | G10: 32 | H10: 7 | I10: 22 | J10: 22 | L10: 126 | O10: =37500/250 -> 150 | P10: =4000*60/250 -> 960 | Q10: =P10-H10-J10-M10-N10-O10 -> 781 | R10: =Q10-F10-G10-I10-K10-L10 -> 601 | S10: =C10*0.264 -> 437.712 | T10: =(C10-D10-E10)*0.264 -> 379.896 | U10: =R10/Q10 -> 0.76952625 | V10: =(C10-D10-E10)/C10 -> 0.86791315 | W10: =S10/R10 -> 0.72830616 | X10: =U10*V10*W10 -> 0.48642254
A11: 10 | B11: P3 | C11: =Usinage!C11-Usinage!D11-Usinage!E11 -> 1680 | D11: 54 | E11: 151 | G11: 47 | H11: 9 | I11: 25 | J11: 24 | L11: 123 | O11: =37500/250 -> 150 | P11: =4000*60/250 -> 960 | Q11: =P11-H11-J11-M11-N11-O11 -> 777 | R11: =Q11-F11-G11-I11-K11-L11 -> 582 | S11: =C11*0.264 -> 443.52 | T11: =(C11-D11-E11)*0.264 -> 389.4 | U11: =R11/Q11 -> 0.74903475 | V11: =(C11-D11-E11)/C11 -> 0.87797619 | W11: =S11/R11 -> 0.76206186 | X11: =U11*V11*W11 -> 0.5011583
A12: 11 | B12: P2 | C12: =Usinage!C12-Usinage!D12-Usinage!E12 -> 1768 | D12: 51 | E12: 179 | G12: 47 | H12: 5 | I12: 23 | J12: 22 | L12: 120 | N12: 7 | O12: =37500/250 -> 150 | P12: =4000*60/250 -> 960 | Q12: =P12-H12-J12-M12-N12-O12 -> 776 | R12: =Q12-F12-G12-I12-K12-L12 -> 586 | S12: =C12*0.264 -> 466.752 | T12: =(C12-D12-E12)*0.264 -> 406.032 | U12: =R12/Q12 -> 0.75515464 | V12: =(C12-D12-E12)/C12 -> 0.8699095 | W12: =S12/R12 -> 0.79650512 | X12: =U12*V12*W12 -> 0.52323711
A13: 12 | B13: P4 | C13: =Usinage!C13-Usinage!D13-Usinage!E13 -> 1788 | D13: 43 | E13: 127 | G13: 40 | H13: 5 | I13: 26 | J13: 20 | L13: 135 | N13: 5 | O13: =37500/250 -> 150 | P13: =4000*60/250 -> 960 | Q13: =P13-H13-J13-M13-N13-O13 -> 780 | R13: =Q13-F13-G13-I13-K13-L13 -> 579 | S13: =C13*0.264 -> 472.032 | T13: =(C13-D13-E13)*0.264 -> 427.152 | U13: =R13/Q13 -> 0.74230769 | V13: =(C13-D13-E13)/C13 -> 0.9049217 | W13: =S13/R13 -> 0.81525389 | X13: =U13*V13*W13 -> 0.54763077
A14: 13 | B14: P2 | C14: =Usinage!C14-Usinage!D14-Usinage!E14 -> 1658 | D14: 59 | E14: 179 | G14: 39 | H14: 7 | I14: 22 | J14: 24 | L14: 138 | N14: 7 | O14: =37500/250 -> 150 | P14: =4000*60/250 -> 960 | Q14: =P14-H14-J14-M14-N14-O14 -> 772 | R14: =Q14-F14-G14-I14-K14-L14 -> 573 | S14: =C14*0.264 -> 437.712 | T14: =(C14-D14-E14)*0.264 -> 374.88 | U14: =R14/Q14 -> 0.74222798 | V14: =(C14-D14-E14)/C14 -> 0.85645356 | W14: =S14/R14 -> 0.76389529 | X14: =U14*V14*W14 -> 0.48559585
A15: 14 | B15: P4 | C15: =Usinage!C15-Usinage!D15-Usinage!E15 -> 1735 | D15: 46 | E15: 149 | G15: 28 | H15: 10 | I15: 22 | J15: 22 | L15: 140 | O15: =37500/250 -> 150 | P15: =4000*60/250 -> 960 | Q15: =P15-H15-J15-M15-N15-O15 -> 778 | R15: =Q15-F15-G15-I15-K15-L15 -> 588 | S15: =C15*0.264 -> 458.04 | T15: =(C15-D15-E15)*0.264 -> 406.56 | U15: =R15/Q15 -> 0.75578406 | V15: =(C15-D15-E15)/C15 -> 0.88760807 | W15: =S15/R15 -> 0.77897959 | X15: =U15*V15*W15 -> 0.52257069
A16: 15 | B16: P1 | C16: =Usinage!C16-Usinage!D16-Usinage!E16 -> 1753 | D16: 60 | E16: 177 | G16: 41 | H16: 8 | I16: 28 | J16: 23 | L16: 137 | O16: =37500/250 -> 150 | P16: =4000*60/250 -> 960 | Q16: =P16-H16-J16-M16-N16-O16 -> 779 | R16: =Q16-F16-G16-I16-K16-L16 -> 573 | S16: =C16*0.264 -> 462.792 | T16: =(C16-D16-E16)*0.264 -> 400.224 | U16: =R16/Q16 -> 0.73555841 | V16: =(C16-D16-E16)/C16 -> 0.86480319 | W16: =S16/R16 -> 0.80766492 | X16: =U16*V16*W16 -> 0.51376637
A17: 16 | B17: P3 | C17: =Usinage!C17-Usinage!D17-Usinage!E17 -> 1567 | D17: 48 | E17: 146 | F17: 43 | G17: 27 | H17: 10 | I17: 22 | J17: 25 | L17: 123 | N17: 8 | O17: =37500/250 -> 150 | P17: =4000*60/250 -> 960 | Q17: =P17-H17-J17-M17-N17-O17 -> 767 | R17: =Q17-F17-G17-I17-K17-L17 -> 552 | S17: =C17*0.264 -> 413.688 | T17: =(C17-D17-E17)*0.264 -> 362.472 | U17: =R17/Q17 -> 0.71968709 | V17: =(C17-D17-E17)/C17 -> 0.87619655 | W17: =S17/R17 -> 0.74943478 | X17: =U17*V17*W17 -> 0.47258409
A18: 17 | B18: P2 | C18: =Usinage!C18-Usinage!D18-Usinage!E18 -> 1627 | D18: 45 | E18: 143 | G18: 24 | H18: 6 | I18: 27 | J18: 23 | L18: 133 | N18: 8 | O18: =37500/250 -> 150 | P18: =4000*60/250 -> 960 | Q18: =P18-H18-J18-M18-N18-O18 -> 773 | R18: =Q18-F18-G18-I18-K18-L18 -> 589 | S18: =C18*0.264 -> 429.528 | T18: =(C18-D18-E18)*0.264 -> 379.896 | U18: =R18/Q18 -> 0.76196636 | V18: =(C18-D18-E18)/C18 -> 0.88444991 | W18: =S18/R18 -> 0.72924958 | X18: =U18*V18*W18 -> 0.49145666
A19: 18 | B19: P4 | C19: =Usinage!C19-Usinage!D19-Usinage!E19 -> 1755 | D19: 50 | E19: 170 | G19: 29 | H19: 5 | I19: 24 | J19: 25 | L19: 117 | O19: =37500/250 -> 150 | P19: =4000*60/250 -> 960 | Q19: =P19-H19-J19-M19-N19-O19 -> 780 | R19: =Q19-F19-G19-I19-K19-L19 -> 610 | S19: =C19*0.264 -> 463.32 | T19: =(C19-D19-E19)*0.264 -> 405.24 | U19: =R19/Q19 -> 0.78205128 | V19: =(C19-D19-E19)/C19 -> 0.87464387 | W19: =S19/R19 -> 0.75954098 | X19: =U19*V19*W19 -> 0.51953846
A20: 19 | B20: P3 | C20: =Usinage!C20-Usinage!D20-Usinage!E20 -> 1767 | D20: 44 | E20: 186 | G20: 36 | H20: 7 | I20: 25 | J20: 24 | L20: 120 | N20: 5 | O20: =37500/250 -> 150 | P20: =4000*60/250 -> 960 | Q20: =P20-H20-J20-M20-N20-O20 -> 774 | R20: =Q20-F20-G20-I20-K20-L20 -> 593 | S20: =C20*0.264 -> 466.488 | T20: =(C20-D20-E20)*0.264 -> 405.768 | U20: =R20/Q20 -> 0.76614987 | V20: =(C20-D20-E20)/C20 -> 0.86983588 | W20: =S20/R20 -> 0.78665767 | X20: =U20*V20*W20 -> 0.52424806
A21: 20 | B21: P2 | C21: =Usinage!C21-Usinage!D21-Usinage!E21 -> 1704 | D21: 59 | E21: 132 | G21: 39 | H21: 7 | I21: 21 | J21: 20 | L21: 91 | N21: 7 | O21: =37500/250 -> 150 | P21: =4000*60/250 -> 960 | Q21: =P21-H21-J21-M21-N21-O21 -> 776 | R21: =Q21-F21-G21-I21-K21-L21 -> 625 | S21: =C21*0.264 -> 449.856 | T21: =(C21-D21-E21)*0.264 -> 399.432 | U21: =R21/Q21 -> 0.80541237 | V21: =(C21-D21-E21)/C21 -> 0.8879108 | W21: =S21/R21 -> 0.7197696 | X21: =U21*V21*W21 -> 0.51473196
A22: 21 | B22: P1 | C22: =Usinage!C22-Usinage!D22-Usinage!E22 -> 1791 | D22: 42 | E22: 175 | G22: 33 | H22: 7 | I22: 25 | J22: 25 | L22: 119 | O22: =37500/250 -> 150 | P22: =4000*60/250 -> 960 | Q22: =P22-H22-J22-M22-N22-O22 -> 778 | R22: =Q22-F22-G22-I22-K22-L22 -> 601 | S22: =C22*0.264 -> 472.824 | T22: =(C22-D22-E22)*0.264 -> 415.536 | U22: =R22/Q22 -> 0.77249357 | V22: =(C22-D22-E22)/C22 -> 0.87883864 | W22: =S22/R22 -> 0.78672879 | X22: =U22*V22*W22 -> 0.53410797
A23: 22 | B23: P3 | C23: =Usinage!C23-Usinage!D23-Usinage!E23 -> 1790 | D23: 44 | E23: 169 | F23: 50 | G23: 48 | H23: 7 | I23: 21 | J23: 22 | L23: 124 | O23: =37500/250 -> 150 | P23: =4000*60/250 -> 960 | Q23: =P23-H23-J23-M23-N23-O23 -> 781 | R23: =Q23-F23-G23-I23-K23-L23 -> 538 | S23: =C23*0.264 -> 472.56 | T23: =(C23-D23-E23)*0.264 -> 416.328 | U23: =R23/Q23 -> 0.68886044 | V23: =(C23-D23-E23)/C23 -> 0.88100559 | W23: =S23/R23 -> 0.87836431 | X23: =U23*V23*W23 -> 0.53307042
A24: 23 | B24: P2 | C24: =Usinage!C24-Usinage!D24-Usinage!E24 -> 1699 | D24: 58 | E24: 168 | F24: 45 | G24: 47 | H24: 7 | I24: 27 | J24: 22 | L24: 101 | O24: =37500/250 -> 150 | P24: =4000*60/250 -> 960 | Q24: =P24-H24-J24-M24-N24-O24 -> 781 | R24: =Q24-F24-G24-I24-K24-L24 -> 561 | S24: =C24*0.264 -> 448.536 | T24: =(C24-D24-E24)*0.264 -> 388.872 | U24: =R24/Q24 -> 0.71830986 | V24: =(C24-D24-E24)/C24 -> 0.86698058 | W24: =S24/R24 -> 0.79952941 | X24: =U24*V24*W24 -> 0.49791549
A25: 24 | B25: P4 | C25: =Usinage!C25-Usinage!D25-Usinage!E25 -> 1646 | D25: 58 | E25: 174 | F25: 41 | G25: 42 | H25: 9 | I25: 19 | J25: 22 | L25: 128 | O25: =37500/250 -> 150 | P25: =4000*60/250 -> 960 | Q25: =P25-H25-J25-M25-N25-O25 -> 779 | R25: =Q25-F25-G25-I25-K25-L25 -> 549 | S25: =C25*0.264 -> 434.544 | T25: =(C25-D25-E25)*0.264 -> 373.296 | U25: =R25/Q25 -> 0.70474968 | V25: =(C25-D25-E25)/C25 -> 0.85905225 | W25: =S25/R25 -> 0.79151913 | X25: =U25*V25*W25 -> 0.47919897
A26: 25 | B26: P3 | C26: =Usinage!C26-Usinage!D26-Usinage!E26 -> 1748 | D26: 48 | E26: 183 | G26: 17 | H26: 10 | I26: 30 | J26: 21 | L26: 104 | O26: =37500/250 -> 150 | P26: =4000*60/250 -> 960 | Q26: =P26-H26-J26-M26-N26-O26 -> 779 | R26: =Q26-F26-G26-I26-K26-L26 -> 628 | S26: =C26*0.264 -> 461.472 | T26: =(C26-D26-E26)*0.264 -> 400.488 | U26: =R26/Q26 -> 0.80616175 | V26: =(C26-D26-E26)/C26 -> 0.86784897 | W26: =S26/R26 -> 0.73482803 | X26: =U26*V26*W26 -> 0.51410526
A27: 26 | B27: P2 | C27: =Usinage!C27-Usinage!D27-Usinage!E27 -> 1690 | D27: 40 | E27: 177 | G27: 40 | H27: 5 | I27: 28 | J27: 21 | L27: 132 | N27: 8 | O27: =37500/250 -> 150 | P27: =4000*60/250 -> 960 | Q27: =P27-H27-J27-M27-N27-O27 -> 776 | R27: =Q27-F27-G27-I27-K27-L27 -> 576 | S27: =C27*0.264 -> 446.16 | T27: =(C27-D27-E27)*0.264 -> 388.872 | U27: =R27/Q27 -> 0.74226804 | V27: =(C27-D27-E27)/C27 -> 0.87159763 | W27: =S27/R27 -> 0.77458333 | X27: =U27*V27*W27 -> 0.50112371
A28: 27 | B28: P4 | C28: =Usinage!C28-Usinage!D28-Usinage!E28 -> 1580 | D28: 57 | E28: 161 | G28: 45 | H28: 9 | I28: 20 | J28: 24 | L28: 135 | O28: =37500/250 -> 150 | P28: =4000*60/250 -> 960 | Q28: =P28-H28-J28-M28-N28-O28 -> 777 | R28: =Q28-F28-G28-I28-K28-L28 -> 577 | S28: =C28*0.264 -> 417.12 | T28: =(C28-D28-E28)*0.264 -> 359.568 | U28: =R28/Q28 -> 0.74259974 | V28: =(C28-D28-E28)/C28 -> 0.86202532 | W28: =S28/R28 -> 0.72291161 | X28: =U28*V28*W28 -> 0.46276448
A29: 28 | B29: P4 | C29: =Usinage!C29-Usinage!D29-Usinage!E29 -> 1611 | D29: 47 | E29: 145 | G29: 22 | H29: 6 | I29: 27 | J29: 22 | L29: 112 | O29: =37500/250 -> 150 | P29: =4000*60/250 -> 960 | Q29: =P29-H29-J29-M29-N29-O29 -> 782 | R29: =Q29-F29-G29-I29-K29-L29 -> 621 | S29: =C29*0.264 -> 425.304 | T29: =(C29-D29-E29)*0.264 -> 374.616 | U29: =R29/Q29 -> 0.79411765 | V29: =(C29-D29-E29)/C29 -> 0.88081937 | W29: =S29/R29 -> 0.68486957 | X29: =U29*V29*W29 -> 0.47904859
A30: 29 | B30: P3 | C30: =Usinage!C30-Usinage!D30-Usinage!E30 -> 1723 | D30: 43 | E30: 144 | G30: 33 | H30: 10 | I30: 25 | J30: 22 | L30: 110 | O30: =37500/250 -> 150 | P30: =4000*60/250 -> 960 | Q30: =P30-H30-J30-M30-N30-O30 -> 778 | R30: =Q30-F30-G30-I30-K30-L30 -> 610 | S30: =C30*0.264 -> 454.872 | T30: =(C30-D30-E30)*0.264 -> 405.504 | U30: =R30/Q30 -> 0.7840617 | V30: =(C30-D30-E30)/C30 -> 0.89146837 | W30: =S30/R30 -> 0.7456918 | X30: =U30*V30*W30 -> 0.52121337
A31: 30 | B31: P2 | C31: =Usinage!C31-Usinage!D31-Usinage!E31 -> 1742 | D31: 50 | E31: 162 | G31: 27 | H31: 5 | I31: 25 | J31: 23 | L31: 140 | N31: 10 | O31: =37500/250 -> 150 | P31: =4000*60/250 -> 960 | Q31: =P31-H31-J31-M31-N31-O31 -> 772 | R31: =Q31-F31-G31-I31-K31-L31 -> 580 | S31: =C31*0.264 -> 459.888 | T31: =(C31-D31-E31)*0.264 -> 403.92 | U31: =R31/Q31 -> 0.75129534 | V31: =(C31-D31-E31)/C31 -> 0.8783008 | W31: =S31/R31 -> 0.79291034 | X31: =U31*V31*W31 -> 0.52321244
A32: 31 | B32: P1 | C32: =Usinage!C32-Usinage!D32-Usinage!E32 -> 1700 | D32: 54 | E32: 141 | G32: 25 | H32: 9 | I32: 23 | J32: 24 | L32: 107 | O32: =37500/250 -> 150 | P32: =4000*60/250 -> 960 | Q32: =P32-H32-J32-M32-N32-O32 -> 777 | R32: =Q32-F32-G32-I32-K32-L32 -> 622 | S32: =C32*0.264 -> 448.8 | T32: =(C32-D32-E32)*0.264 -> 397.32 | U32: =R32/Q32 -> 0.8005148 | V32: =(C32-D32-E32)/C32 -> 0.88529412 | W32: =S32/R32 -> 0.72154341 | X32: =U32*V32*W32 -> 0.51135135
A33: 32 | B33: P3 | C33: =Usinage!C33-Usinage!D33-Usinage!E33 -> 1616 | D33: 41 | E33: 171 | G33: 54 | H33: 8 | I33: 28 | J33: 25 | L33: 109 | O33: =37500/250 -> 150 | P33: =4000*60/250 -> 960 | Q33: =P33-H33-J33-M33-N33-O33 -> 777 | R33: =Q33-F33-G33-I33-K33-L33 -> 586 | S33: =C33*0.264 -> 426.624 | T33: =(C33-D33-E33)*0.264 -> 370.656 | U33: =R33/Q33 -> 0.75418275 | V33: =(C33-D33-E33)/C33 -> 0.86881188 | W33: =S33/R33 -> 0.7280273 | X33: =U33*V33*W33 -> 0.47703475
A34: 33 | B34: P2 | C34: =Usinage!C34-Usinage!D34-Usinage!E34 -> 1624 | D34: 58 | E34: 143 | G34: 49 | H34: 7 | I34: 30 | J34: 25 | L34: 113 | O34: =37500/250 -> 150 | P34: =4000*60/250 -> 960 | Q34: =P34-H34-J34-M34-N34-O34 -> 778 | R34: =Q34-F34-G34-I34-K34-L34 -> 586 | S34: =C34*0.264 -> 428.736 | T34: =(C34-D34-E34)*0.264 -> 375.672 | U34: =R34/Q34 -> 0.75321337 | V34: =(C34-D34-E34)/C34 -> 0.87623153 | W34: =S34/R34 -> 0.7316314 | X34: =U34*V34*W34 -> 0.48286889
A35: 34 | B35: P2 | C35: =Usinage!C35-Usinage!D35-Usinage!E35 -> 1539 | D35: 57 | E35: 185 | G35: 30 | H35: 5 | I35: 29 | J35: 24 | L35: 131 | N35: 10 | O35: =37500/250 -> 150 | P35: =4000*60/250 -> 960 | Q35: =P35-H35-J35-M35-N35-O35 -> 771 | R35: =Q35-F35-G35-I35-K35-L35 -> 581 | S35: =C35*0.264 -> 406.296 | T35: =(C35-D35-E35)*0.264 -> 342.408 | U35: =R35/Q35 -> 0.7535668 | V35: =(C35-D35-E35)/C35 -> 0.84275504 | W35: =S35/R35 -> 0.69930465 | X35: =U35*V35*W35 -> 0.44410895
A36: 35 | B36: P4 | C36: =Usinage!C36-Usinage!D36-Usinage!E36 -> 1591 | D36: 52 | E36: 171 | G36: 41 | H36: 7 | I36: 27 | J36: 20 | L36: 119 | O36: =37500/250 -> 150 | P36: =4000*60/250 -> 960 | Q36: =P36-H36-J36-M36-N36-O36 -> 783 | R36: =Q36-F36-G36-I36-K36-L36 -> 596 | S36: =C36*0.264 -> 420.024 | T36: =(C36-D36-E36)*0.264 -> 361.152 | U36: =R36/Q36 -> 0.76117497 | V36: =(C36-D36-E36)/C36 -> 0.85983658 | W36: =S36/R36 -> 0.70473826 | X36: =U36*V36*W36 -> 0.46124138
A37: 36 | B37: P3 | C37: =Usinage!C37-Usinage!D37-Usinage!E37 -> 1613 | D37: 56 | E37: 177 | G37: 43 | H37: 7 | I37: 20 | J37: 20 | L37: 126 | O37: =37500/250 -> 150 | P37: =4000*60/250 -> 960 | Q37: =P37-H37-J37-M37-N37-O37 -> 783 | R37: =Q37-F37-G37-I37-K37-L37 -> 594 | S37: =C37*0.264 -> 425.832 | T37: =(C37-D37-E37)*0.264 -> 364.32 | U37: =R37/Q37 -> 0.75862069 | V37: =(C37-D37-E37)/C37 -> 0.85554867 | W37: =S37/R37 -> 0.71688889 | X37: =U37*V37*W37 -> 0.46528736
A38: 37 | B38: P2 | C38: =Usinage!C38-Usinage!D38-Usinage!E38 -> 1580 | D38: 41 | E38: 175 | G38: 39 | H38: 6 | I38: 25 | J38: 21 | L38: 114 | O38: =37500/250 -> 150 | P38: =4000*60/250 -> 960 | Q38: =P38-H38-J38-M38-N38-O38 -> 783 | R38: =Q38-F38-G38-I38-K38-L38 -> 605 | S38: =C38*0.264 -> 417.12 | T38: =(C38-D38-E38)*0.264 -> 360.096 | U38: =R38/Q38 -> 0.77266922 | V38: =(C38-D38-E38)/C38 -> 0.86329114 | W38: =S38/R38 -> 0.68945455 | X38: =U38*V38*W38 -> 0.45989272
A39: 38 | B39: P1 | C39: =Usinage!C39-Usinage!D39-Usinage!E39 -> 1660 | D39: 54 | E39: 159 | G39: 35 | H39: 5 | I39: 23 | J39: 25 | L39: 124 | N39: 9 | O39: =37500/250 -> 150 | P39: =4000*60/250 -> 960 | Q39: =P39-H39-J39-M39-N39-O39 -> 771 | R39: =Q39-F39-G39-I39-K39-L39 -> 589 | S39: =C39*0.264 -> 438.24 | T39: =(C39-D39-E39)*0.264 -> 382.008 | U39: =R39/Q39 -> 0.76394293 | V39: =(C39-D39-E39)/C39 -> 0.87168675 | W39: =S39/R39 -> 0.74404075 | X39: =U39*V39*W39 -> 0.49547082
A40: 39 | B40: P3 | C40: =Usinage!C40-Usinage!D40-Usinage!E40 -> 1692 | D40: 59 | E40: 134 | G40: 31 | H40: 6 | I40: 28 | J40: 20 | L40: 98 | O40: =37500/250 -> 150 | P40: =4000*60/250 -> 960 | Q40: =P40-H40-J40-M40-N40-O40 -> 784 | R40: =Q40-F40-G40-I40-K40-L40 -> 627 | S40: =C40*0.264 -> 446.688 | T40: =(C40-D40-E40)*0.264 -> 395.736 | U40: =R40/Q40 -> 0.7997449 | V40: =(C40-D40-E40)/C40 -> 0.88593381 | W40: =S40/R40 -> 0.71242105 | X40: =U40*V40*W40 -> 0.50476531
A41: 40 | B41: P2 | C41: =Usinage!C41-Usinage!D41-Usinage!E41 -> 1661 | D41: 45 | E41: 145 | G41: 37 | H41: 9 | I41: 24 | J41: 25 | L41: 141 | O41: =37500/250 -> 150 | P41: =4000*60/250 -> 960 | Q41: =P41-H41-J41-M41-N41-O41 -> 776 | R41: =Q41-F41-G41-I41-K41-L41 -> 574 | S41: =C41*0.264 -> 438.504 | T41: =(C41-D41-E41)*0.264 -> 388.344 | U41: =R41/Q41 -> 0.73969072 | V41: =(C41-D41-E41)/C41 -> 0.88561108 | W41: =S41/R41 -> 0.76394425 | X41: =U41*V41*W41 -> 0.5004433
A42: 41 | B42: P4 | C42: =Usinage!C42-Usinage!D42-Usinage!E42 -> 1590 | D42: 46 | E42: 189 | G42: 41 | H42: 9 | I42: 23 | J42: 21 | L42: 134 | N42: 6 | O42: =37500/250 -> 150 | P42: =4000*60/250 -> 960 | Q42: =P42-H42-J42-M42-N42-O42 -> 774 | R42: =Q42-F42-G42-I42-K42-L42 -> 576 | S42: =C42*0.264 -> 419.76 | T42: =(C42-D42-E42)*0.264 -> 357.72 | U42: =R42/Q42 -> 0.74418605 | V42: =(C42-D42-E42)/C42 -> 0.85220126 | W42: =S42/R42 -> 0.72875 | X42: =U42*V42*W42 -> 0.46217054
A43: 42 | B43: P3 | C43: =Usinage!C43-Usinage!D43-Usinage!E43 -> 1483 | D43: 56 | E43: 166 | G43: 48 | H43: 5 | I43: 23 | J43: 24 | L43: 98 | O43: =37500/250 -> 150 | P43: =4000*60/250 -> 960 | Q43: =P43-H43-J43-M43-N43-O43 -> 781 | R43: =Q43-F43-G43-I43-K43-L43 -> 612 | S43: =C43*0.264 -> 391.512 | T43: =(C43-D43-E43)*0.264 -> 332.904 | U43: =R43/Q43 -> 0.78361076 | V43: =(C43-D43-E43)/C43 -> 0.85030344 | W43: =S43/R43 -> 0.63972549 | X43: =U43*V43*W43 -> 0.42625352
A44: 43 | B44: P2 | C44: =Usinage!C44-Usinage!D44-Usinage!E44 -> 1647 | D44: 59 | E44: 142 | F44: 32 | G44: 42 | H44: 6 | I44: 31 | J44: 20 | L44: 117 | O44: =37500/250 -> 150 | P44: =4000*60/250 -> 960 | Q44: =P44-H44-J44-M44-N44-O44 -> 784 | R44: =Q44-F44-G44-I44-K44-L44 -> 562 | S44: =C44*0.264 -> 434.808 | T44: =(C44-D44-E44)*0.264 -> 381.744 | U44: =R44/Q44 -> 0.71683673 | V44: =(C44-D44-E44)/C44 -> 0.87795993 | W44: =S44/R44 -> 0.77367972 | X44: =U44*V44*W44 -> 0.48691837
A45: 44 | B45: P1 | C45: =Usinage!C45-Usinage!D45-Usinage!E45 -> 1631 | D45: 49 | E45: 174 | F45: 34 | G45: 36 | H45: 10 | I45: 32 | J45: 21 | L45: 127 | N45: 6 | O45: =37500/250 -> 150 | P45: =4000*60/250 -> 960 | Q45: =P45-H45-J45-M45-N45-O45 -> 773 | R45: =Q45-F45-G45-I45-K45-L45 -> 544 | S45: =C45*0.264 -> 430.584 | T45: =(C45-D45-E45)*0.264 -> 371.712 | U45: =R45/Q45 -> 0.70375162 | V45: =(C45-D45-E45)/C45 -> 0.86327406 | W45: =S45/R45 -> 0.79151471 | X45: =U45*V45*W45 -> 0.48086934
A46: 45 | B46: P3 | C46: =Usinage!C46-Usinage!D46-Usinage!E46 -> 1457 | D46: 53 | E46: 161 | F46: 50 | G46: 50 | H46: 8 | I46: 29 | J46: 25 | L46: 90 | O46: =37500/250 -> 150 | P46: =4000*60/250 -> 960 | Q46: =P46-H46-J46-M46-N46-O46 -> 777 | R46: =Q46-F46-G46-I46-K46-L46 -> 558 | S46: =C46*0.264 -> 384.648 | T46: =(C46-D46-E46)*0.264 -> 328.152 | U46: =R46/Q46 -> 0.71814672 | V46: =(C46-D46-E46)/C46 -> 0.85312286 | W46: =S46/R46 -> 0.68933333 | X46: =U46*V46*W46 -> 0.42233205
A47: 46 | B47: P2 | C47: =Usinage!C47-Usinage!D47-Usinage!E47 -> 1595 | D47: 49 | E47: 142 | F47: 50 | G47: 25 | H47: 10 | I47: 29 | J47: 20 | L47: 127 | O47: =37500/250 -> 150 | P47: =4000*60/250 -> 960 | Q47: =P47-H47-J47-M47-N47-O47 -> 780 | R47: =Q47-F47-G47-I47-K47-L47 -> 549 | S47: =C47*0.264 -> 421.08 | T47: =(C47-D47-E47)*0.264 -> 370.656 | U47: =R47/Q47 -> 0.70384615 | V47: =(C47-D47-E47)/C47 -> 0.88025078 | W47: =S47/R47 -> 0.76699454 | X47: =U47*V47*W47 -> 0.4752
A48: 47 | B48: P2 | C48: =Usinage!C48-Usinage!D48-Usinage!E48 -> 1650 | D48: 50 | E48: 153 | G48: 42 | H48: 10 | I48: 26 | J48: 25 | L48: 112 | O48: =37500/250 -> 150 | P48: =4000*60/250 -> 960 | Q48: =P48-H48-J48-M48-N48-O48 -> 775 | R48: =Q48-F48-G48-I48-K48-L48 -> 595 | S48: =C48*0.264 -> 435.6 | T48: =(C48-D48-E48)*0.264 -> 382.008 | U48: =R48/Q48 -> 0.76774194 | V48: =(C48-D48-E48)/C48 -> 0.8769697 | W48: =S48/R48 -> 0.73210084 | X48: =U48*V48*W48 -> 0.49291355
A49: 48 | B49: P2 | C49: =Usinage!C49-Usinage!D49-Usinage!E49 -> 1583 | D49: 51 | E49: 172 | G49: 26 | H49: 6 | I49: 23 | J49: 20 | L49: 97 | N49: 7 | O49: =37500/250 -> 150 | P49: =4000*60/250 -> 960 | Q49: =P49-H49-J49-M49-N49-O49 -> 777 | R49: =Q49-F49-G49-I49-K49-L49 -> 631 | S49: =C49*0.264 -> 417.912 | T49: =(C49-D49-E49)*0.264 -> 359.04 | U49: =R49/Q49 -> 0.81209781 | V49: =(C49-D49-E49)/C49 -> 0.85912824 | W49: =S49/R49 -> 0.66230111 | X49: =U49*V49*W49 -> 0.46208494
A50: 49 | B50: P4 | C50: =Usinage!C50-Usinage!D50-Usinage!E50 -> 1478 | D50: 41 | E50: 148 | G50: 20 | H50: 8 | I50: 29 | J50: 22 | L50: 106 | O50: =37500/250 -> 150 | P50: =4000*60/250 -> 960 | Q50: =P50-H50-J50-M50-N50-O50 -> 780 | R50: =Q50-F50-G50-I50-K50-L50 -> 625 | S50: =C50*0.264 -> 390.192 | T50: =(C50-D50-E50)*0.264 -> 340.296 | U50: =R50/Q50 -> 0.80128205 | V50: =(C50-D50-E50)/C50 -> 0.87212449 | W50: =S50/R50 -> 0.6243072 | X50: =U50*V50*W50 -> 0.43627692
A51: 50 | B51: P3 | C51: =Usinage!C51-Usinage!D51-Usinage!E51 -> 1557 | D51: 49 | E51: 162 | G51: 34 | H51: 7 | I51: 32 | J51: 20 | L51: 121 | N51: 6 | O51: =37500/250 -> 150 | P51: =4000*60/250 -> 960 | Q51: =P51-H51-J51-M51-N51-O51 -> 777 | R51: =Q51-F51-G51-I51-K51-L51 -> 590 | S51: =C51*0.264 -> 411.048 | T51: =(C51-D51-E51)*0.264 -> 355.344 | U51: =R51/Q51 -> 0.75933076 | V51: =(C51-D51-E51)/C51 -> 0.86448298 | W51: =S51/R51 -> 0.69669153 | X51: =U51*V51*W51 -> 0.45732819
A52: 51 | B52: P2 | C52: =Usinage!C52-Usinage!D52-Usinage!E52 -> 1557 | D52: 58 | E52: 167 | G52: 22 | H52: 8 | I52: 23 | J52: 25 | L52: 119 | O52: =37500/250 -> 150 | P52: =4000*60/250 -> 960 | Q52: =P52-H52-J52-M52-N52-O52 -> 777 | R52: =Q52-F52-G52-I52-K52-L52 -> 613 | S52: =C52*0.264 -> 411.048 | T52: =(C52-D52-E52)*0.264 -> 351.648 | U52: =R52/Q52 -> 0.78893179 | V52: =(C52-D52-E52)/C52 -> 0.85549133 | W52: =S52/R52 -> 0.67055139 | X52: =U52*V52*W52 -> 0.45257143
A53: 52 | B53: P1 | C53: =Usinage!C53-Usinage!D53-Usinage!E53 -> 1656 | D53: 43 | E53: 175 | G53: 32 | H53: 8 | I53: 28 | J53: 23 | L53: 118 | O53: =37500/250 -> 150 | P53: =4000*60/250 -> 960 | Q53: =P53-H53-J53-M53-N53-O53 -> 779 | R53: =Q53-F53-G53-I53-K53-L53 -> 601 | S53: =C53*0.264 -> 437.184 | T53: =(C53-D53-E53)*0.264 -> 379.632 | U53: =R53/Q53 -> 0.77150193 | V53: =(C53-D53-E53)/C53 -> 0.86835749 | W53: =S53/R53 -> 0.72742762 | X53: =U53*V53*W53 -> 0.48733248
A54: 53 | B54: P3 | C54: =Usinage!C54-Usinage!D54-Usinage!E54 -> 1433 | D54: 51 | E54: 142 | G54: 23 | H54: 7 | I54: 29 | J54: 22 | L54: 134 | O54: =37500/250 -> 150 | P54: =4000*60/250 -> 960 | Q54: =P54-H54-J54-M54-N54-O54 -> 781 | R54: =Q54-F54-G54-I54-K54-L54 -> 595 | S54: =C54*0.264 -> 378.312 | T54: =(C54-D54-E54)*0.264 -> 327.36 | U54: =R54/Q54 -> 0.76184379 | V54: =(C54-D54-E54)/C54 -> 0.86531752 | W54: =S54/R54 -> 0.63581849 | X54: =U54*V54*W54 -> 0.41915493
A55: 54 | B55: P2 | C55: =Usinage!C55-Usinage!D55-Usinage!E55 -> 1508 | D55: 43 | E55: 156 | G55: 31 | H55: 7 | I55: 27 | J55: 22 | L55: 107 | N55: 7 | O55: =37500/250 -> 150 | P55: =4000*60/250 -> 960 | Q55: =P55-H55-J55-M55-N55-O55 -> 774 | R55: =Q55-F55-G55-I55-K55-L55 -> 609 | S55: =C55*0.264 -> 398.112 | T55: =(C55-D55-E55)*0.264 -> 345.576 | U55: =R55/Q55 -> 0.78682171 | V55: =(C55-D55-E55)/C55 -> 0.86803714 | W55: =S55/R55 -> 0.65371429 | X55: =U55*V55*W55 -> 0.44648062
A56: 55 | B56: P4 | C56: =Usinage!C56-Usinage!D56-Usinage!E56 -> 1502 | D56: 56 | E56: 153 | G56: 49 | H56: 9 | I56: 30 | J56: 24 | L56: 110 | O56: =37500/250 -> 150 | P56: =4000*60/250 -> 960 | Q56: =P56-H56-J56-M56-N56-O56 -> 777 | R56: =Q56-F56-G56-I56-K56-L56 -> 588 | S56: =C56*0.264 -> 396.528 | T56: =(C56-D56-E56)*0.264 -> 341.352 | U56: =R56/Q56 -> 0.75675676 | V56: =(C56-D56-E56)/C56 -> 0.8608522 | W56: =S56/R56 -> 0.67436735 | X56: =U56*V56*W56 -> 0.43932046
A57: 56 | B57: P4 | C57: =Usinage!C57-Usinage!D57-Usinage!E57 -> 1460 | D57: 55 | E57: 171 | F57: 47 | G57: 28 | H57: 10 | I57: 33 | J57: 22 | L57: 146 | O57: =37500/250 -> 150 | P57: =4000*60/250 -> 960 | Q57: =P57-H57-J57-M57-N57-O57 -> 778 | R57: =Q57-F57-G57-I57-K57-L57 -> 524 | S57: =C57*0.264 -> 385.44 | T57: =(C57-D57-E57)*0.264 -> 325.776 | U57: =R57/Q57 -> 0.67352185 | V57: =(C57-D57-E57)/C57 -> 0.84520548 | W57: =S57/R57 -> 0.73557252 | X57: =U57*V57*W57 -> 0.41873522
A58: 57 | B58: P4 | C58: =Usinage!C58-Usinage!D58-Usinage!E58 -> 1515 | D58: 43 | E58: 161 | G58: 38 | H58: 7 | I58: 27 | J58: 25 | L58: 113 | N58: 5 | O58: =37500/250 -> 150 | P58: =4000*60/250 -> 960 | Q58: =P58-H58-J58-M58-N58-O58 -> 773 | R58: =Q58-F58-G58-I58-K58-L58 -> 595 | S58: =C58*0.264 -> 399.96 | T58: =(C58-D58-E58)*0.264 -> 346.104 | U58: =R58/Q58 -> 0.76972833 | V58: =(C58-D58-E58)/C58 -> 0.86534653 | W58: =S58/R58 -> 0.67220168 | X58: =U58*V58*W58 -> 0.44774127
A59: 58 | B59: P2 | C59: =Usinage!C59-Usinage!D59-Usinage!E59 -> 1472 | D59: 57 | E59: 164 | G59: 42 | H59: 8 | I59: 26 | J59: 20 | L59: 118 | O59: =37500/250 -> 150 | P59: =4000*60/250 -> 960 | Q59: =P59-H59-J59-M59-N59-O59 -> 782 | R59: =Q59-F59-G59-I59-K59-L59 -> 596 | S59: =C59*0.264 -> 388.608 | T59: =(C59-D59-E59)*0.264 -> 330.264 | U59: =R59/Q59 -> 0.76214834 | V59: =(C59-D59-E59)/C59 -> 0.84986413 | W59: =S59/R59 -> 0.65202685 | X59: =U59*V59*W59 -> 0.42233248
A60: 59 | B60: P2 | C60: =Usinage!C60-Usinage!D60-Usinage!E60 -> 1494 | D60: 44 | E60: 173 | G60: 21 | H60: 5 | I60: 31 | J60: 21 | L60: 133 | O60: =37500/250 -> 150 | P60: =4000*60/250 -> 960 | Q60: =P60-H60-J60-M60-N60-O60 -> 784 | R60: =Q60-F60-G60-I60-K60-L60 -> 599 | S60: =C60*0.264 -> 394.416 | T60: =(C60-D60-E60)*0.264 -> 337.128 | U60: =R60/Q60 -> 0.76403061 | V60: =(C60-D60-E60)/C60 -> 0.85475234 | W60: =S60/R60 -> 0.65845743 | X60: =U60*V60*W60 -> 0.4300102
A61: 60 | B61: P4 | C61: =Usinage!C61-Usinage!D61-Usinage!E61 -> 1446 | D61: 52 | E61: 139 | F61: 34 | G61: 46 | H61: 6 | I61: 33 | J61: 21 | L61: 119 | N61: 5 | O61: =37500/250 -> 150 | P61: =4000*60/250 -> 960 | Q61: =P61-H61-J61-M61-N61-O61 -> 778 | R61: =Q61-F61-G61-I61-K61-L61 -> 546 | S61: =C61*0.264 -> 381.744 | T61: =(C61-D61-E61)*0.264 -> 331.32 | U61: =R61/Q61 -> 0.70179949 | V61: =(C61-D61-E61)/C61 -> 0.86791148 | W61: =S61/R61 -> 0.69916484 | X61: =U61*V61*W61 -> 0.42586118
A62: 61 | B62: P3 | C62: =Usinage!C62-Usinage!D62-Usinage!E62 -> 1595 | D62: 45 | E62: 162 | G62: 37 | H62: 5 | I62: 24 | J62: 24 | L62: 124 | O62: =37500/250 -> 150 | P62: =4000*60/250 -> 960 | Q62: =P62-H62-J62-M62-N62-O62 -> 781 | R62: =Q62-F62-G62-I62-K62-L62 -> 596 | S62: =C62*0.264 -> 421.08 | T62: =(C62-D62-E62)*0.264 -> 366.432 | U62: =R62/Q62 -> 0.7631242 | V62: =(C62-D62-E62)/C62 -> 0.87021944 | W62: =S62/R62 -> 0.70651007 | X62: =U62*V62*W62 -> 0.4691831
A63: 62 | B63: P2 | C63: =Usinage!C63-Usinage!D63-Usinage!E63 -> 1490 | D63: 58 | E63: 153 | G63: 46 | H63: 9 | I63: 38 | J63: 24 | L63: 101 | O63: =37500/250 -> 150 | P63: =4000*60/250 -> 960 | Q63: =P63-H63-J63-M63-N63-O63 -> 777 | R63: =Q63-F63-G63-I63-K63-L63 -> 592 | S63: =C63*0.264 -> 393.36 | T63: =(C63-D63-E63)*0.264 -> 337.656 | U63: =R63/Q63 -> 0.76190476 | V63: =(C63-D63-E63)/C63 -> 0.85838926 | W63: =S63/R63 -> 0.66445946 | X63: =U63*V63*W63 -> 0.43456371
A64: 63 | B64: P2 | C64: =Usinage!C64-Usinage!D64-Usinage!E64 -> 1523 | D64: 47 | E64: 160 | F64: 37 | G64: 48 | H64: 9 | I64: 29 | J64: 21 | L64: 115 | O64: =37500/250 -> 150 | P64: =4000*60/250 -> 960 | Q64: =P64-H64-J64-M64-N64-O64 -> 780 | R64: =Q64-F64-G64-I64-K64-L64 -> 551 | S64: =C64*0.264 -> 402.072 | T64: =(C64-D64-E64)*0.264 -> 347.424 | U64: =R64/Q64 -> 0.70641026 | V64: =(C64-D64-E64)/C64 -> 0.86408404 | W64: =S64/R64 -> 0.72971325 | X64: =U64*V64*W64 -> 0.44541538
A65: 64 | B65: P4 | C65: =Usinage!C65-Usinage!D65-Usinage!E65 -> 1549 | D65: 57 | E65: 194 | G65: 20 | H65: 7 | I65: 33 | J65: 25 | L65: 116 | N65: 9 | O65: =37500/250 -> 150 | P65: =4000*60/250 -> 960 | Q65: =P65-H65-J65-M65-N65-O65 -> 769 | R65: =Q65-F65-G65-I65-K65-L65 -> 600 | S65: =C65*0.264 -> 408.936 | T65: =(C65-D65-E65)*0.264 -> 342.672 | U65: =R65/Q65 -> 0.78023407 | V65: =(C65-D65-E65)/C65 -> 0.83795997 | W65: =S65/R65 -> 0.68156 | X65: =U65*V65*W65 -> 0.44560728
A66: 65 | B66: P3 | C66: =Usinage!C66-Usinage!D66-Usinage!E66 -> 1611 | D66: 53 | E66: 147 | F66: 38 | G66: 29 | H66: 7 | I66: 37 | J66: 23 | L66: 142 | O66: =37500/250 -> 150 | P66: =4000*60/250 -> 960 | Q66: =P66-H66-J66-M66-N66-O66 -> 780 | R66: =Q66-F66-G66-I66-K66-L66 -> 534 | S66: =C66*0.264 -> 425.304 | T66: =(C66-D66-E66)*0.264 -> 372.504 | U66: =R66/Q66 -> 0.68461538 | V66: =(C66-D66-E66)/C66 -> 0.87585351 | W66: =S66/R66 -> 0.79644944 | X66: =U66*V66*W66 -> 0.47756923
A67: 66 | B67: P2 | C67: =Usinage!C67-Usinage!D67-Usinage!E67 -> 1531 | D67: 51 | E67: 138 | G67: 31 | H67: 7 | I67: 35 | J67: 24 | L67: 115 | O67: =37500/250 -> 150 | P67: =4000*60/250 -> 960 | Q67: =P67-H67-J67-M67-N67-O67 -> 779 | R67: =Q67-F67-G67-I67-K67-L67 -> 598 | S67: =C67*0.264 -> 404.184 | T67: =(C67-D67-E67)*0.264 -> 354.288 | U67: =R67/Q67 -> 0.76765083 | V67: =(C67-D67-E67)/C67 -> 0.87655127 | W67: =S67/R67 -> 0.67589298 | X67: =U67*V67*W67 -> 0.45479846
A68: 67 | B68: P1 | C68: =Usinage!C68-Usinage!D68-Usinage!E68 -> 1456 | D68: 53 | E68: 146 | F68: 46 | G68: 44 | H68: 9 | I68: 33 | J68: 20 | L68: 102 | N68: 5 | O68: =37500/250 -> 150 | P68: =4000*60/250 -> 960 | Q68: =P68-H68-J68-M68-N68-O68 -> 776 | R68: =Q68-F68-G68-I68-K68-L68 -> 551 | S68: =C68*0.264 -> 384.384 | T68: =(C68-D68-E68)*0.264 -> 331.848 | U68: =R68/Q68 -> 0.71005155 | V68: =(C68-D68-E68)/C68 -> 0.86332418 | W68: =S68/R68 -> 0.69761162 | X68: =U68*V68*W68 -> 0.42763918
A69: 68 | B69: P4 | C69: =Usinage!C69-Usinage!D69-Usinage!E69 -> 1399 | D69: 56 | E69: 153 | F69: 48 | G69: 26 | H69: 6 | I69: 34 | J69: 24 | L69: 95 | O69: =37500/250 -> 150 | P69: =4000*60/250 -> 960 | Q69: =P69-H69-J69-M69-N69-O69 -> 780 | R69: =Q69-F69-G69-I69-K69-L69 -> 577 | S69: =C69*0.264 -> 369.336 | T69: =(C69-D69-E69)*0.264 -> 314.16 | U69: =R69/Q69 -> 0.73974359 | V69: =(C69-D69-E69)/C69 -> 0.85060758 | W69: =S69/R69 -> 0.64009705 | X69: =U69*V69*W69 -> 0.40276923
A70: 69 | B70: P4 | C70: =Usinage!C70-Usinage!D70-Usinage!E70 -> 1644 | D70: 52 | E70: 188 | G70: 32 | H70: 7 | I70: 29 | J70: 23 | L70: 114 | O70: =37500/250 -> 150 | P70: =4000*60/250 -> 960 | Q70: =P70-H70-J70-M70-N70-O70 -> 780 | R70: =Q70-F70-G70-I70-K70-L70 -> 605 | S70: =C70*0.264 -> 434.016 | T70: =(C70-D70-E70)*0.264 -> 370.656 | U70: =R70/Q70 -> 0.77564103 | V70: =(C70-D70-E70)/C70 -> 0.8540146 | W70: =S70/R70 -> 0.71738182 | X70: =U70*V70*W70 -> 0.4752
A71: 70 | B71: P2 | C71: =Usinage!C71-Usinage!D71-Usinage!E71 -> 1625 | D71: 40 | E71: 167 | F71: 49 | G71: 39 | H71: 7 | I71: 32 | J71: 23 | L71: 112 | O71: =37500/250 -> 150 | P71: =4000*60/250 -> 960 | Q71: =P71-H71-J71-M71-N71-O71 -> 780 | R71: =Q71-F71-G71-I71-K71-L71 -> 548 | S71: =C71*0.264 -> 429 | T71: =(C71-D71-E71)*0.264 -> 374.352 | U71: =R71/Q71 -> 0.7025641 | V71: =(C71-D71-E71)/C71 -> 0.87261538 | W71: =S71/R71 -> 0.78284672 | X71: =U71*V71*W71 -> 0.47993846
A72: 71 | B72: P2 | C72: =Usinage!C72-Usinage!D72-Usinage!E72 -> 1517 | D72: 50 | E72: 180 | F72: 49 | G72: 52 | H72: 5 | I72: 29 | J72: 22 | L72: 144 | N72: 8 | O72: =37500/250 -> 150 | P72: =4000*60/250 -> 960 | Q72: =P72-H72-J72-M72-N72-O72 -> 775 | R72: =Q72-F72-G72-I72-K72-L72 -> 501 | S72: =C72*0.264 -> 400.488 | T72: =(C72-D72-E72)*0.264 -> 339.768 | U72: =R72/Q72 -> 0.64645161 | V72: =(C72-D72-E72)/C72 -> 0.84838497 | W72: =S72/R72 -> 0.79937725 | X72: =U72*V72*W72 -> 0.43841032
A73: 72 | B73: P4 | C73: =Usinage!C73-Usinage!D73-Usinage!E73 -> 1553 | D73: 41 | E73: 195 | F73: 41 | G73: 30 | H73: 10 | I73: 38 | J73: 21 | L73: 120 | O73: =37500/250 -> 150 | P73: =4000*60/250 -> 960 | Q73: =P73-H73-J73-M73-N73-O73 -> 779 | R73: =Q73-F73-G73-I73-K73-L73 -> 550 | S73: =C73*0.264 -> 409.992 | T73: =(C73-D73-E73)*0.264 -> 347.688 | U73: =R73/Q73 -> 0.70603338 | V73: =(C73-D73-E73)/C73 -> 0.84803606 | W73: =S73/R73 -> 0.74544 | X73: =U73*V73*W73 -> 0.44632606
A74: 73 | B74: P1 | C74: =Usinage!C74-Usinage!D74-Usinage!E74 -> 1518 | D74: 46 | E74: 182 | F74: 43 | G74: 43 | H74: 9 | I74: 38 | J74: 23 | L74: 111 | O74: =37500/250 -> 150 | P74: =4000*60/250 -> 960 | Q74: =P74-H74-J74-M74-N74-O74 -> 778 | R74: =Q74-F74-G74-I74-K74-L74 -> 543 | S74: =C74*0.264 -> 400.752 | T74: =(C74-D74-E74)*0.264 -> 340.56 | U74: =R74/Q74 -> 0.69794344 | V74: =(C74-D74-E74)/C74 -> 0.84980237 | W74: =S74/R74 -> 0.73803315 | X74: =U74*V74*W74 -> 0.43773779
A75: 74 | B75: P2 | C75: =Usinage!C75-Usinage!D75-Usinage!E75 -> 1560 | D75: 57 | E75: 135 | G75: 42 | H75: 9 | I75: 39 | J75: 22 | L75: 110 | O75: =37500/250 -> 150 | P75: =4000*60/250 -> 960 | Q75: =P75-H75-J75-M75-N75-O75 -> 779 | R75: =Q75-F75-G75-I75-K75-L75 -> 588 | S75: =C75*0.264 -> 411.84 | T75: =(C75-D75-E75)*0.264 -> 361.152 | U75: =R75/Q75 -> 0.75481386 | V75: =(C75-D75-E75)/C75 -> 0.87692308 | W75: =S75/R75 -> 0.70040816 | X75: =U75*V75*W75 -> 0.46360976
A76: 75 | B76: P2 | C76: =Usinage!C76-Usinage!D76-Usinage!E76 -> 1429 | D76: 60 | E76: 189 | F76: 31 | G76: 37 | H76: 7 | I76: 32 | J76: 21 | L76: 109 | N76: 8 | O76: =37500/250 -> 150 | P76: =4000*60/250 -> 960 | Q76: =P76-H76-J76-M76-N76-O76 -> 774 | R76: =Q76-F76-G76-I76-K76-L76 -> 565 | S76: =C76*0.264 -> 377.256 | T76: =(C76-D76-E76)*0.264 -> 311.52 | U76: =R76/Q76 -> 0.72997416 | V76: =(C76-D76-E76)/C76 -> 0.82575227 | W76: =S76/R76 -> 0.66770973 | X76: =U76*V76*W76 -> 0.40248062
A77: 76 | B77: P4 | C77: =Usinage!C77-Usinage!D77-Usinage!E77 -> 1492 | D77: 49 | E77: 184 | F77: 33 | G77: 41 | H77: 10 | I77: 30 | J77: 20 | L77: 119 | O77: =37500/250 -> 150 | P77: =4000*60/250 -> 960 | Q77: =P77-H77-J77-M77-N77-O77 -> 780 | R77: =Q77-F77-G77-I77-K77-L77 -> 557 | S77: =C77*0.264 -> 393.888 | T77: =(C77-D77-E77)*0.264 -> 332.376 | U77: =R77/Q77 -> 0.71410256 | V77: =(C77-D77-E77)/C77 -> 0.84383378 | W77: =S77/R77 -> 0.70715978 | X77: =U77*V77*W77 -> 0.42612308
A78: 77 | B78: P1 | C78: =Usinage!C78-Usinage!D78-Usinage!E78 -> 1450 | D78: 51 | E78: 163 | F78: 40 | G78: 46 | H78: 10 | I78: 24 | J78: 24 | L78: 133 | O78: =37500/250 -> 150 | P78: =4000*60/250 -> 960 | Q78: =P78-H78-J78-M78-N78-O78 -> 776 | R78: =Q78-F78-G78-I78-K78-L78 -> 533 | S78: =C78*0.264 -> 382.8 | T78: =(C78-D78-E78)*0.264 -> 326.304 | U78: =R78/Q78 -> 0.68685567 | V78: =(C78-D78-E78)/C78 -> 0.85241379 | W78: =S78/R78 -> 0.71819887 | X78: =U78*V78*W78 -> 0.42049485
A79: 78 | B79: P3 | C79: =Usinage!C79-Usinage!D79-Usinage!E79 -> 1365 | D79: 54 | E79: 198 | G79: 55 | H79: 8 | I79: 38 | J79: 25 | L79: 143 | O79: =37500/250 -> 150 | P79: =4000*60/250 -> 960 | Q79: =P79-H79-J79-M79-N79-O79 -> 777 | R79: =Q79-F79-G79-I79-K79-L79 -> 541 | S79: =C79*0.264 -> 360.36 | T79: =(C79-D79-E79)*0.264 -> 293.832 | U79: =R79/Q79 -> 0.6962677 | V79: =(C79-D79-E79)/C79 -> 0.81538462 | W79: =S79/R79 -> 0.66609982 | X79: =U79*V79*W79 -> 0.37816216
A80: 79 | B80: P2 | C80: =Usinage!C80-Usinage!D80-Usinage!E80 -> 1380 | D80: 60 | E80: 161 | F80: 42 | G80: 51 | H80: 7 | I80: 33 | J80: 23 | L80: 136 | O80: =37500/250 -> 150 | P80: =4000*60/250 -> 960 | Q80: =P80-H80-J80-M80-N80-O80 -> 780 | R80: =Q80-F80-G80-I80-K80-L80 -> 518 | S80: =C80*0.264 -> 364.32 | T80: =(C80-D80-E80)*0.264 -> 305.976 | U80: =R80/Q80 -> 0.66410256 | V80: =(C80-D80-E80)/C80 -> 0.83985507 | W80: =S80/R80 -> 0.70332046 | X80: =U80*V80*W80 -> 0.39227692
A81: 80 | B81: P2 | C81: =Usinage!C81-Usinage!D81-Usinage!E81 -> 1453 | D81: 50 | E81: 159 | G81: 50 | H81: 7 | I81: 42 | J81: 22 | L81: 104 | N81: 10 | O81: =37500/250 -> 150 | P81: =4000*60/250 -> 960 | Q81: =P81-H81-J81-M81-N81-O81 -> 771 | R81: =Q81-F81-G81-I81-K81-L81 -> 575 | S81: =C81*0.264 -> 383.592 | T81: =(C81-D81-E81)*0.264 -> 328.416 | U81: =R81/Q81 -> 0.7457847 | V81: =(C81-D81-E81)/C81 -> 0.85615967 | W81: =S81/R81 -> 0.66711652 | X81: =U81*V81*W81 -> 0.42596109
A82: 81 | B82: P2 | C82: =Usinage!C82-Usinage!D82-Usinage!E82 -> 1540 | D82: 55 | E82: 174 | F82: 46 | G82: 27 | H82: 7 | I82: 39 | J82: 25 | L82: 136 | O82: =37500/250 -> 150 | P82: =4000*60/250 -> 960 | Q82: =P82-H82-J82-M82-N82-O82 -> 778 | R82: =Q82-F82-G82-I82-K82-L82 -> 530 | S82: =C82*0.264 -> 406.56 | T82: =(C82-D82-E82)*0.264 -> 346.104 | U82: =R82/Q82 -> 0.68123393 | V82: =(C82-D82-E82)/C82 -> 0.8512987 | W82: =S82/R82 -> 0.76709434 | X82: =U82*V82*W82 -> 0.44486375
A83: 82 | B83: P4 | C83: =Usinage!C83-Usinage!D83-Usinage!E83 -> 1464 | D83: 43 | E83: 162 | G83: 32 | H83: 5 | I83: 42 | J83: 20 | L83: 128 | O83: =37500/250 -> 150 | P83: =4000*60/250 -> 960 | Q83: =P83-H83-J83-M83-N83-O83 -> 785 | R83: =Q83-F83-G83-I83-K83-L83 -> 583 | S83: =C83*0.264 -> 386.496 | T83: =(C83-D83-E83)*0.264 -> 332.376 | U83: =R83/Q83 -> 0.74267516 | V83: =(C83-D83-E83)/C83 -> 0.85997268 | W83: =S83/R83 -> 0.6629434 | X83: =U83*V83*W83 -> 0.42340892
A84: 83 | B84: P3 | C84: =Usinage!C84-Usinage!D84-Usinage!E84 -> 1518 | D84: 53 | E84: 146 | F84: 49 | G84: 38 | H84: 9 | I84: 28 | J84: 23 | L84: 111 | N84: 6 | O84: =37500/250 -> 150 | P84: =4000*60/250 -> 960 | Q84: =P84-H84-J84-M84-N84-O84 -> 772 | R84: =Q84-F84-G84-I84-K84-L84 -> 546 | S84: =C84*0.264 -> 400.752 | T84: =(C84-D84-E84)*0.264 -> 348.216 | U84: =R84/Q84 -> 0.70725389 | V84: =(C84-D84-E84)/C84 -> 0.86890646 | W84: =S84/R84 -> 0.73397802 | X84: =U84*V84*W84 -> 0.45105699
A85: 84 | B85: P2 | C85: =Usinage!C85-Usinage!D85-Usinage!E85 -> 1418 | D85: 53 | E85: 145 | F85: 30 | G85: 22 | H85: 5 | I85: 39 | J85: 24 | L85: 95 | O85: =37500/250 -> 150 | P85: =4000*60/250 -> 960 | Q85: =P85-H85-J85-M85-N85-O85 -> 781 | R85: =Q85-F85-G85-I85-K85-L85 -> 595 | S85: =C85*0.264 -> 374.352 | T85: =(C85-D85-E85)*0.264 -> 322.08 | U85: =R85/Q85 -> 0.76184379 | V85: =(C85-D85-E85)/C85 -> 0.86036671 | W85: =S85/R85 -> 0.62916303 | X85: =U85*V85*W85 -> 0.41239437
A86: 85 | B86: P1 | C86: =Usinage!C86-Usinage!D86-Usinage!E86 -> 1441 | D86: 41 | E86: 161 | F86: 49 | G86: 28 | H86: 5 | I86: 45 | J86: 23 | L86: 103 | O86: =37500/250 -> 150 | P86: =4000*60/250 -> 960 | Q86: =P86-H86-J86-M86-N86-O86 -> 782 | R86: =Q86-F86-G86-I86-K86-L86 -> 557 | S86: =C86*0.264 -> 380.424 | T86: =(C86-D86-E86)*0.264 -> 327.096 | U86: =R86/Q86 -> 0.71227621 | V86: =(C86-D86-E86)/C86 -> 0.85981957 | W86: =S86/R86 -> 0.68298743 | X86: =U86*V86*W86 -> 0.41828133
A87: 86 | B87: P4 | C87: =Usinage!C87-Usinage!D87-Usinage!E87 -> 1477 | D87: 40 | E87: 166 | G87: 41 | H87: 8 | I87: 37 | J87: 20 | L87: 133 | O87: =37500/250 -> 150 | P87: =4000*60/250 -> 960 | Q87: =P87-H87-J87-M87-N87-O87 -> 782 | R87: =Q87-F87-G87-I87-K87-L87 -> 571 | S87: =C87*0.264 -> 389.928 | T87: =(C87-D87-E87)*0.264 -> 335.544 | U87: =R87/Q87 -> 0.73017903 | V87: =(C87-D87-E87)/C87 -> 0.8605281 | W87: =S87/R87 -> 0.68288616 | X87: =U87*V87*W87 -> 0.4290844
A88: 87 | B88: P2 | C88: =Usinage!C88-Usinage!D88-Usinage!E88 -> 1482 | D88: 55 | E88: 170 | G88: 44 | H88: 6 | I88: 45 | J88: 22 | L88: 93 | N88: 5 | O88: =37500/250 -> 150 | P88: =4000*60/250 -> 960 | Q88: =P88-H88-J88-M88-N88-O88 -> 777 | R88: =Q88-F88-G88-I88-K88-L88 -> 595 | S88: =C88*0.264 -> 391.248 | T88: =(C88-D88-E88)*0.264 -> 331.848 | U88: =R88/Q88 -> 0.76576577 | V88: =(C88-D88-E88)/C88 -> 0.84817814 | W88: =S88/R88 -> 0.65755966 | X88: =U88*V88*W88 -> 0.4270888
A89: 88 | B89: P2 | C89: =Usinage!C89-Usinage!D89-Usinage!E89 -> 1500 | D89: 56 | E89: 158 | G89: 33 | H89: 5 | I89: 42 | J89: 21 | L89: 120 | O89: =37500/250 -> 150 | P89: =4000*60/250 -> 960 | Q89: =P89-H89-J89-M89-N89-O89 -> 784 | R89: =Q89-F89-G89-I89-K89-L89 -> 589 | S89: =C89*0.264 -> 396 | T89: =(C89-D89-E89)*0.264 -> 339.504 | U89: =R89/Q89 -> 0.75127551 | V89: =(C89-D89-E89)/C89 -> 0.85733333 | W89: =S89/R89 -> 0.67232598 | X89: =U89*V89*W89 -> 0.43304082
A90: 89 | B90: P4 | C90: =Usinage!C90-Usinage!D90-Usinage!E90 -> 1328 | D90: 51 | E90: 174 | F90: 37 | G90: 45 | H90: 7 | I90: 38 | J90: 23 | L90: 114 | O90: =37500/250 -> 150 | P90: =4000*60/250 -> 960 | Q90: =P90-H90-J90-M90-N90-O90 -> 780 | R90: =Q90-F90-G90-I90-K90-L90 -> 546 | S90: =C90*0.264 -> 350.592 | T90: =(C90-D90-E90)*0.264 -> 291.192 | U90: =R90/Q90 -> 0.7 | V90: =(C90-D90-E90)/C90 -> 0.83057229 | W90: =S90/R90 -> 0.64210989 | X90: =U90*V90*W90 -> 0.37332308
A91: 90 | B91: P4 | C91: =Usinage!C91-Usinage!D91-Usinage!E91 -> 1347 | D91: 52 | E91: 170 | F91: 44 | G91: 46 | H91: 9 | I91: 33 | J91: 21 | L91: 143 | O91: =37500/250 -> 150 | P91: =4000*60/250 -> 960 | Q91: =P91-H91-J91-M91-N91-O91 -> 780 | R91: =Q91-F91-G91-I91-K91-L91 -> 514 | S91: =C91*0.264 -> 355.608 | T91: =(C91-D91-E91)*0.264 -> 297 | U91: =R91/Q91 -> 0.65897436 | V91: =(C91-D91-E91)/C91 -> 0.83518931 | W91: =S91/R91 -> 0.69184436 | X91: =U91*V91*W91 -> 0.38076923
A92: 91 | B92: P4 | C92: =Usinage!C92-Usinage!D92-Usinage!E92 -> 1522 | D92: 60 | E92: 162 | G92: 45 | H92: 6 | I92: 38 | J92: 20 | L92: 131 | N92: 6 | O92: =37500/250 -> 150 | P92: =4000*60/250 -> 960 | Q92: =P92-H92-J92-M92-N92-O92 -> 778 | R92: =Q92-F92-G92-I92-K92-L92 -> 564 | S92: =C92*0.264 -> 401.808 | T92: =(C92-D92-E92)*0.264 -> 343.2 | U92: =R92/Q92 -> 0.72493573 | V92: =(C92-D92-E92)/C92 -> 0.85413929 | W92: =S92/R92 -> 0.71242553 | X92: =U92*V92*W92 -> 0.44113111
A93: 92 | B93: P2 | C93: =Usinage!C93-Usinage!D93-Usinage!E93 -> 1336 | D93: 60 | E93: 144 | F93: 40 | G93: 48 | H93: 9 | I93: 39 | J93: 21 | L93: 97 | O93: =37500/250 -> 150 | P93: =4000*60/250 -> 960 | Q93: =P93-H93-J93-M93-N93-O93 -> 780 | R93: =Q93-F93-G93-I93-K93-L93 -> 556 | S93: =C93*0.264 -> 352.704 | T93: =(C93-D93-E93)*0.264 -> 298.848 | U93: =R93/Q93 -> 0.71282051 | V93: =(C93-D93-E93)/C93 -> 0.84730539 | W93: =S93/R93 -> 0.63435971 | X93: =U93*V93*W93 -> 0.38313846
A94: 93 | B94: P2 | C94: =Usinage!C94-Usinage!D94-Usinage!E94 -> 1515 | D94: 55 | E94: 173 | G94: 36 | H94: 10 | I94: 45 | J94: 20 | L94: 133 | N94: 7 | O94: =37500/250 -> 150 | P94: =4000*60/250 -> 960 | Q94: =P94-H94-J94-M94-N94-O94 -> 773 | R94: =Q94-F94-G94-I94-K94-L94 -> 559 | S94: =C94*0.264 -> 399.96 | T94: =(C94-D94-E94)*0.264 -> 339.768 | U94: =R94/Q94 -> 0.72315653 | V94: =(C94-D94-E94)/C94 -> 0.84950495 | W94: =S94/R94 -> 0.71549195 | X94: =U94*V94*W94 -> 0.43954463
A95: 94 | B95: P4 | C95: =Usinage!C95-Usinage!D95-Usinage!E95 -> 1493 | D95: 53 | E95: 167 | F95: 46 | G95: 49 | H95: 8 | I95: 46 | J95: 20 | L95: 143 | O95: =37500/250 -> 150 | P95: =4000*60/250 -> 960 | Q95: =P95-H95-J95-M95-N95-O95 -> 782 | R95: =Q95-F95-G95-I95-K95-L95 -> 498 | S95: =C95*0.264 -> 394.152 | T95: =(C95-D95-E95)*0.264 -> 336.072 | U95: =R95/Q95 -> 0.63682864 | V95: =(C95-D95-E95)/C95 -> 0.85264568 | W95: =S95/R95 -> 0.79146988 | X95: =U95*V95*W95 -> 0.42975959
A96: 95 | B96: P4 | C96: =Usinage!C96-Usinage!D96-Usinage!E96 -> 1362 | D96: 54 | E96: 136 | F96: 35 | G96: 47 | H96: 8 | I96: 37 | J96: 21 | L96: 96 | O96: =37500/250 -> 150 | P96: =4000*60/250 -> 960 | Q96: =P96-H96-J96-M96-N96-O96 -> 781 | R96: =Q96-F96-G96-I96-K96-L96 -> 566 | S96: =C96*0.264 -> 359.568 | T96: =(C96-D96-E96)*0.264 -> 309.408 | U96: =R96/Q96 -> 0.72471191 | V96: =(C96-D96-E96)/C96 -> 0.86049927 | W96: =S96/R96 -> 0.63527915 | X96: =U96*V96*W96 -> 0.39616901
A97: 96 | B97: P1 | C97: =Usinage!C97-Usinage!D97-Usinage!E97 -> 1389 | D97: 58 | E97: 164 | G97: 22 | H97: 7 | I97: 46 | J97: 22 | L97: 92 | N97: 9 | O97: =37500/250 -> 150 | P97: =4000*60/250 -> 960 | Q97: =P97-H97-J97-M97-N97-O97 -> 772 | R97: =Q97-F97-G97-I97-K97-L97 -> 612 | S97: =C97*0.264 -> 366.696 | T97: =(C97-D97-E97)*0.264 -> 308.088 | U97: =R97/Q97 -> 0.79274611 | V97: =(C97-D97-E97)/C97 -> 0.84017279 | W97: =S97/R97 -> 0.59917647 | X97: =U97*V97*W97 -> 0.39907772
A98: 97 | B98: P2 | C98: =Usinage!C98-Usinage!D98-Usinage!E98 -> 1357 | D98: 45 | E98: 177 | G98: 46 | H98: 9 | I98: 42 | J98: 22 | L98: 148 | O98: =37500/250 -> 150 | P98: =4000*60/250 -> 960 | Q98: =P98-H98-J98-M98-N98-O98 -> 779 | R98: =Q98-F98-G98-I98-K98-L98 -> 543 | S98: =C98*0.264 -> 358.248 | T98: =(C98-D98-E98)*0.264 -> 299.64 | U98: =R98/Q98 -> 0.6970475 | V98: =(C98-D98-E98)/C98 -> 0.83640383 | W98: =S98/R98 -> 0.65975691 | X98: =U98*V98*W98 -> 0.38464698
A99: 98 | B99: P2 | C99: =Usinage!C99-Usinage!D99-Usinage!E99 -> 1424 | D99: 50 | E99: 149 | G99: 24 | H99: 5 | I99: 39 | J99: 25 | L99: 134 | O99: =37500/250 -> 150 | P99: =4000*60/250 -> 960 | Q99: =P99-H99-J99-M99-N99-O99 -> 780 | R99: =Q99-F99-G99-I99-K99-L99 -> 583 | S99: =C99*0.264 -> 375.936 | T99: =(C99-D99-E99)*0.264 -> 323.4 | U99: =R99/Q99 -> 0.7474359 | V99: =(C99-D99-E99)/C99 -> 0.86025281 | W99: =S99/R99 -> 0.64483019 | X99: =U99*V99*W99 -> 0.41461538
A100: 99 | B100: P4 | C100: =Usinage!C100-Usinage!D100-Usinage!E100 -> 1339 | D100: 44 | E100: 181 | G100: 45 | H100: 9 | I100: 32 | J100: 24 | L100: 113 | N100: 6 | O100: =37500/250 -> 150 | P100: =4000*60/250 -> 960 | Q100: =P100-H100-J100-M100-N100-O100 -> 771 | R100: =Q100-F100-G100-I100-K100-L100 -> 581 | S100: =C100*0.264 -> 353.496 | T100: =(C100-D100-E100)*0.264 -> 294.096 | U100: =R100/Q100 -> 0.7535668 | V100: =(C100-D100-E100)/C100 -> 0.83196415 | W100: =S100/R100 -> 0.60842685 | X100: =U100*V100*W100 -> 0.38144747
...
